State,District,Latitude,Longitude,District code,Population,Male,Female,Literate,Male_Literate,Female_Literate,Hindus,Muslims,Christians,Sikhs,Buddhists,Jains,Others_Religions,Housholds_with_Electric_Lighting,Households_with_Internet,sex_ration
Andhra Pradesh,Adilabad,19.284513950073435,78.81321233480176,532,2741239,1369597,1371642,1483347,856350,626997,2399901,275970,15422,1377,25510,617,322,566108,5512,1001.4931399528475
Andhra Pradesh,Anantapur,14.312065561843148,77.4601584478577,553,4081148,2064495,2016653,2310960,1338474,972486,3599372,443456,20463,932,341,1417,309,897970,8606,976.8262940816035
Andhra Pradesh,Chittoor,13.33109263067696,78.92763898886037,554,4174064,2090204,2083860,2667878,1484794,1183084,3737588,397870,24129,867,253,1322,358,944555,13763,996.9648895514505
Andhra Pradesh,East Godavari,16.782718320784902,82.2432074720511,545,5154296,2569688,2584608,3288577,1716933,1571644,4983330,77777,77825,738,413,4149,403,1297273,22411,1005.8061523422299
Andhra Pradesh,Guntur,15.884925767634847,80.58657614107885,548,4887813,2440521,2447292,2960441,1634726,1325715,4217597,559770,89763,764,323,3282,332,1186028,19383,1002.7744075957552
Andhra Pradesh,Hyderabad,17.38971555555556,78.46668888888888,536,3943323,2018575,1924748,2892155,1542688,1349467,2046051,1713405,87522,11446,1268,19560,1929,869721,149034,953.5181997200996
Andhra Pradesh,Karimnagar,18.515483193277312,79.43765428571413,534,3776269,1880800,1895469,2206829,1257238,949591,3491139,244723,24979,2086,332,312,115,926768,8831,1007.7993407060826
Andhra Pradesh,Khammam,17.683921325051784,80.67008643892335,541,2797370,1390988,1406382,1630234,901640,728594,2595321,158887,33463,655,217,459,539,668519,8628,1011.0669538486314
Andhra Pradesh,Krishna,16.143872753151673,81.14805061000413,547,4517398,2267375,2250023,3009718,1598959,1410759,4023678,307043,145598,1393,863,6320,906,1163932,30438,992.347097414411
Andhra Pradesh,Kurnool,15.43759715142429,77.90086836581717,552,4053463,2039227,2014236,2127161,1246369,880792,3328380,670737,33165,737,255,2235,434,816721,10081,987.7448660693489
Andhra Pradesh,Mahbubnagar,16.639546224256293,77.98933089244859,538,4053028,2050386,2002642,1940646,1158386,782260,3673456,334172,21345,658,290,388,267,757821,6153,976.7146283675366
Andhra Pradesh,Medak,17.889304978038055,78.13778901903379,535,3033288,1523030,1510258,1637137,953406,683731,2637313,342449,34301,1309,554,457,217,604719,8635,991.6140850803989
Andhra Pradesh,Nalgonda,17.113250515463907,79.16984453608244,539,3488809,1759772,1729037,2001019,1160757,840262,3249231,188646,35025,937,241,250,132,789225,7715,982.5346692639728
Andhra Pradesh,Nizamabad,18.429485849056604,78.07523490566035,533,2551335,1250641,1300694,1389810,790214,599596,2123426,391596,19653,2357,1847,542,146,545913,5261,1040.0218767815863
Andhra Pradesh,Prakasam,15.489039001601704,80.11665790176184,549,3397448,1714764,1682684,1904435,1107686,796749,3150195,220654,18775,266,97,204,206,763746,6151,981.2918862304084
Andhra Pradesh,Srikakulam,18.570900998697432,84.25874814010675,542,2703114,1341738,1361376,1495381,857824,637557,2666950,9025,18879,193,77,160,106,615432,3988,1014.6362404582713
Andhra Pradesh,Vizianagaram,18.28329696032972,83.45982854198873,543,2344474,1161477,1182997,1238388,707503,530885,2299129,16423,17853,380,114,815,183,527736,4453,1018.5281327137774
Andhra Pradesh,Warangal,18.01752608695651,79.87422028985509,540,3512576,1759281,1753295,2065023,1179790,885233,3273755,197333,31377,1453,253,569,126,828077,12952,996.5974736270101
Andhra Pradesh,West Godavari,16.63297943925236,81.45912990654196,546,3936966,1964918,1972048,2652389,1379223,1273166,3733191,86142,109120,288,209,1578,211,1017568,12050,1003.6286501523219
Arunachal Pradesh,Changlang,27.36048479338845,96.37552644628106,253,148226,76948,71278,73174,44027,29147,47683,2134,35969,94,50381,95,11738,14593,170,926.3138743047252
Arunachal Pradesh,East Kameng,27.371194055944056,93.04741486013997,247,78690,38775,39915,38449,21599,16850,12333,652,37136,36,452,23,27868,5318,57,1029.4003868471953
Arunachal Pradesh,East Siang,28.15382352941176,95.06499226006191,251,99214,50116,49098,62576,34210,28366,27854,2289,18254,69,776,30,49393,14231,450,979.6871258679862
Arunachal Pradesh,Kurung Kumey,28.04853351800553,93.24531994459834,256,92076,45318,46758,36606,20258,16348,4859,471,51189,43,121,81,34158,3911,95,1031.7754534622004
Arunachal Pradesh,Lohit,27.946785273972623,96.59670770547945,259,145726,76221,69505,83062,48380,34682,99020,3846,10684,210,24452,104,7277,17157,312,911.887799950145
Arunachal Pradesh,Lower Dibang Valley,28.32651730103806,95.76567335640142,258,54080,28053,26027,31849,18087,13762,28915,2247,9213,33,2932,19,10393,5932,207,927.7795601183474
Arunachal Pradesh,Lower Subansiri,27.70849297297297,93.96226108108112,255,83030,41843,41187,54057,29470,24587,9551,1482,34402,27,193,13,37085,12493,381,984.3223478240088
Arunachal Pradesh,Papum Pare,27.273529716981127,93.54468183962264,248,176573,89182,87391,121048,65794,55254,57027,6148,84397,310,4768,139,22586,30539,2477,979.9174721356327
Arunachal Pradesh,Tawang,27.680683962264148,91.82504245283016,245,49977,29151,20826,26073,17720,8353,11842,787,776,1164,34920,72,349,8635,96,714.418030256252
Arunachal Pradesh,Tirap,26.94406229508198,95.41470327868862,254,111975,57604,54371,47974,29313,18661,20682,1103,83361,61,778,43,5325,16026,98,943.8754253176863
Arunachal Pradesh,Upper Siang,28.8309244897959,95.00155765306124,252,35320,18699,16621,18195,10723,7472,5261,411,5643,27,2577,7,20967,6198,97,888.8710626236697
Arunachal Pradesh,Upper Subansiri,28.277196566523585,93.8991435622318,249,83448,41758,41690,45278,24807,20471,13474,521,8779,28,297,11,59449,5373,139,998.371569519613
Arunachal Pradesh,West Kameng,27.46486582278483,92.65015750452083,246,83947,46155,37792,48492,29566,18926,31265,1970,8466,328,36087,71,5556,14188,202,818.8061965117539
Arunachal Pradesh,West Siang,28.106296920289843,94.53510344202908,250,112274,58168,54106,64746,36777,27969,15881,2218,29969,577,3311,49,60005,14204,303,930.1677898500894
Assam,Barpeta,26.427872264631056,90.97912010178116,303,1693622,867004,826618,897058,499038,398020,492966,1198036,1020,112,49,399,14,84804,2078,953.4189000281428
Assam,Bongaigaon,26.45012521994133,90.6734296187684,319,738804,375818,362986,434078,237114,196964,359145,371033,5924,384,236,871,9,49866,2523,965.8558131861698
Assam,Cachar,24.815570668693017,92.86849650455927,316,1736617,886284,850333,1174128,639946,534182,1038985,654816,37635,280,341,1673,98,140205,5316,959.4362529392384
Assam,Darrang,26.58463215962442,92.04141338028155,325,928500,475273,453227,487039,268666,218373,327322,597392,1688,431,57,724,19,45444,1166,953.6140281480328
Assam,Dhemaji,27.586533438485816,94.71336908517353,308,686133,351249,334884,423028,237761,185267,655052,13475,8711,297,911,167,6315,28195,1192,953.4091200259644
Assam,Dibrugarh,27.30612284482757,95.0998282327587,310,1326335,676434,649901,884531,491361,393170,1198401,64526,52968,2261,4673,1055,46,136685,8817,960.7751827968435
Assam,Goalpara,26.017277777777807,90.59869891598912,302,1008183,513292,494891,563577,304302,259275,347878,579929,77862,771,194,477,103,78641,1364,964.1510095618089
Assam,Golaghat,26.377219709794485,93.82583397823468,313,1066888,543161,523727,721764,396475,325289,917426,90312,50582,1131,3863,530,1347,82345,3073,964.220553390247
Assam,Hailakandi,24.457496089385486,92.59154664804475,318,659296,337890,321406,407366,226836,180530,251194,397653,8480,84,490,247,636,44143,1211,951.2148924206103
Assam,Jorhat,26.76244824016563,94.30197722567289,312,1092256,556805,535451,794929,432335,362594,1008219,54684,21051,1540,2378,719,578,122063,5651,961.6490512836631
Assam,Kamrup,26.170939452054807,91.58863273972592,321,1517542,778461,739081,995319,550219,445100,877495,601784,33297,319,185,1330,55,122191,3109,949.4130084872588
Assam,Karbi Anglong,26.08966454598031,93.11536570271832,314,956313,490167,466146,557214,314253,242961,766000,20290,157789,370,6260,397,3568,53918,1923,950.9942529790867
Assam,Karimganj,24.69660712250711,92.3679498575498,317,1228686,625864,602822,795297,435942,359355,521962,692489,11990,114,446,524,110,70951,1933,963.1836948602253
Assam,Kokrajhar,26.497246635730868,90.13997470997688,300,887142,452905,434237,489305,275220,214085,529068,252271,101091,93,1718,396,123,41373,1218,958.7816429494044
Assam,Lakhimpur,27.14128805970149,94.0775949253732,307,1042137,529674,512463,683486,375552,307934,797130,193476,46217,412,1074,250,2410,60296,1948,967.5064284824251
Assam,Nagaon,26.26462170626351,92.9306191144708,305,2823768,1439112,1384656,1710716,921850,788866,1225246,1563203,26844,3036,1073,1162,61,195631,5121,962.1599986658439
Assam,Nalbari,26.46323767605632,91.40598521126763,323,771639,396006,375633,531771,293184,238587,491582,277488,429,62,27,1004,9,68313,1631,948.5538097907607
Assam,Sonitpur,26.73514926829268,92.85197804878044,306,1924110,983904,940206,1108572,620525,488047,1422824,350536,138166,1363,5088,1003,221,133368,4358,955.5871304517514
Assam,Tinsukia,27.53549291139241,95.69055949367085,309,1327929,680231,647698,798322,453449,344873,1181347,48373,76877,1999,16228,837,395,161718,5135,952.173599850639
Bihar,Araria,26.211528119180603,87.30766554934816,209,2811569,1463333,1348236,1195768,727643,468125,1593525,1207442,4116,371,187,1910,63,43290,2561,921.3459957507963
Bihar,Aurangabad,24.774291867469877,84.45986024096379,235,2540073,1318684,1221389,1466002,868733,597269,2291133,237353,2218,295,334,775,19,44456,2362,926.218108356513
Bihar,Aurangabad,24.774291867469877,84.45986024096379,515,3701282,1924469,1776813,2503837,1430936,1072901,2545438,786677,15991,5142,309093,30981,1005,589477,23258,923.2744201127687
Bihar,Banka,24.832355642023337,86.8664916342413,225,2034763,1067140,967623,965321,590961,374360,1772655,250925,6138,139,113,94,1035,62359,1704,906.7441947635737
Bihar,Begusarai,25.54302613168723,86.12560144032932,222,2970541,1567660,1402881,1548673,918507,630166,2554330,407348,2209,402,229,276,57,120373,4644,894.888560019392
Bihar,Bhagalpur,25.277192885375477,87.04213814229242,224,3037766,1615663,1422103,1573066,937669,635397,2487866,537098,3556,415,180,1050,32,174534,6764,880.1977887715445
Bihar,Bhojpur,25.50666439393939,84.49407803030304,231,2728407,1430380,1298027,1599151,973486,625665,2518216,197819,2165,544,647,1472,48,62153,3661,907.4700429256561
Bihar,Buxar,25.48593018867924,84.08808081760995,232,1706352,887977,818375,989807,593544,396263,1591454,105423,2125,248,5090,97,57,46760,1784,921.6173391878393
Bihar,Darbhanga,26.146187719298258,85.97387352472099,215,3937385,2059949,1877436,1816634,1125566,691068,3042729,881476,3534,832,245,236,101,127442,6280,911.3992627972829
Bihar,Gaya,24.7266541547278,84.94291217765044,236,4391418,2266566,2124852,2297613,1368803,928810,3876395,488121,3943,913,870,1723,108,112617,6856,937.4763408610206
Bihar,Gopalganj,26.44874364161851,84.34636127167629,217,2562012,1267666,1294346,1382998,793905,589093,2119262,436057,2463,271,167,133,28,69375,3707,1021.0465532719186
Bihar,Jamui,24.78418380462726,86.26316298200514,238,1760405,916064,844341,858588,534385,324203,1525746,217621,8443,162,159,87,3438,32633,1839,921.7052520347924
Bihar,Jehanabad,25.155679045643165,84.9208124481328,239,1125313,585582,539731,618881,374412,244469,1045117,75742,691,148,248,60,58,27641,1106,921.7001205638151
Bihar,Katihar,25.56565356037151,87.70466083591326,212,3071029,1600430,1470599,1280190,762256,517934,1684589,1365645,8659,2754,212,507,2141,60900,2941,918.8774266915767
Bihar,Khagaria,25.53558891454964,86.56593256351037,223,1666886,883786,783100,768028,461153,306875,1486989,175588,1253,143,79,86,115,40641,1580,886.0742306395439
Bihar,Kishanganj,26.324336758321294,87.95045007235886,210,1690400,866970,823430,745056,439921,305135,531236,1149095,5783,398,183,1476,28,58718,1093,949.7791157710186
Bihar,Lakhisarai,25.183449321266963,86.12825701357468,227,1000912,526345,474567,507270,305182,202088,956396,40886,487,140,52,78,52,44491,1186,901.6272596870873
Bihar,Madhepura,25.77341929460581,86.8978443983403,213,2001762,1047559,954203,834577,517666,316911,1753829,241760,1342,170,60,133,81,23236,1397,910.8823464835871
Bihar,Madhubani,26.41380538172716,86.16328360450552,207,4487379,2329313,2158066,2155338,1340085,815253,3652168,818912,3262,564,328,442,169,113281,5319,926.481756638116
Bihar,Munger,25.198537962962963,86.54173672839504,226,1367765,729041,638724,801817,473741,328076,1252319,110416,1815,338,95,145,61,90461,2653,876.1153350771767
Bihar,Muzaffarpur,26.18664417177915,85.32745092024543,216,4801062,2527497,2273565,2509232,1487117,1022115,4032773,745546,5149,933,288,382,98,180651,10290,899.5322249640652
Bihar,Nalanda,25.229345508982053,85.48053113772461,229,2877653,1497060,1380593,1519933,919558,600375,2669775,198033,1978,393,414,561,64,101378,4156,922.2028509211387
Bihar,Nawada,24.825708836206903,85.61594568965519,237,2219146,1144668,1074478,1091012,659474,431538,1964620,244394,1299,250,176,279,80,31162,1841,938.6809100979499
Bihar,Pashchim Champaran,27.16064352201258,84.30265911949685,203,3935042,2061110,1873932,1759481,1091226,668255,3047427,865090,8469,926,1337,296,1895,57546,3495,909.1858270543543
Bihar,Patna,25.40297114503818,85.3198433587787,230,5838465,3078512,2759953,3459679,2028047,1431632,5356075,439952,12551,4803,1062,2151,203,546859,40692,896.5217611625357
Bihar,Purba Champaran,26.68129336734693,85.00382155612242,204,5099371,2681209,2418162,2276957,1407603,869354,4086453,990349,4865,668,878,464,104,74979,7719,901.8923925736487
Bihar,Purnia,25.81714801901739,87.40447606973065,211,3264619,1699370,1565249,1332326,805261,527065,1989420,1255641,7989,614,353,1450,650,86058,4170,921.0760458287482
Bihar,Rohtas,24.99170460829495,83.9350762672811,234,2959918,1543546,1416372,1799832,1061783,738049,2645415,300487,2889,2569,1584,252,537,114893,4594,917.609193376809
Bihar,Saharsa,25.821270696721303,86.54670819672135,214,1900661,997174,903487,804996,506374,298622,1629254,266620,1292,197,60,109,8,41342,1668,906.0474902073258
Bihar,Samastipur,25.793205563909765,85.94833323308269,221,4261566,2230003,2031563,2142880,1293575,849305,3800598,452370,2126,554,292,231,112,88021,5379,911.0135726274807
Bihar,Saran,25.89656077844312,84.82266287425155,219,3951862,2022821,1929041,2157454,1285767,871687,3534772,406449,2330,371,229,322,107,94787,4509,953.6390021657872
Bihar,Sheikhpura,25.12472436548223,85.77839390862943,228,636342,329743,306599,328676,196431,132245,596102,37653,313,75,41,43,31,20065,631,929.8120051070076
Bihar,Sheohar,26.458380748663107,85.29539411764709,205,656246,346673,309573,283698,171645,112053,552492,99342,522,216,73,52,44,10004,478,892.9827243540743
Bihar,Sitamarhi,26.56570069686413,85.61172491289203,206,3423574,1803252,1620322,1436794,885188,551606,2672311,740101,2897,261,253,188,20,66263,3460,898.5554986213796
Bihar,Siwan,26.1736372013652,84.33766552901022,218,3330464,1675090,1655374,1930175,1115906,814269,2712635,608282,2618,369,407,359,86,52935,3834,988.2298861553708
Bihar,Supaul,26.28157893772896,86.78496465201461,208,2229076,1155283,1073793,1033283,647672,385611,1809936,409251,3758,271,136,546,42,51028,1845,929.4631704958871
Bihar,Vaishali,25.8134703180212,85.39247597173153,220,3495021,1844535,1650486,1926740,1152576,774164,3152346,333980,2203,707,362,246,71,70001,4810,894.7978758874187
Chandigarh,Chandigarh,30.7426,76.75872465753424,55,1055450,580663,474787,805438,465346,340092,852574,51447,8720,138329,1160,1960,246,231204,44283,817.6636017793454
Chhattisgarh,Bastar,19.393866751269048,81.52895126903546,414,1413199,698487,714712,650863,382335,268528,1277975,12413,27951,2099,985,3466,86925,157646,1782,1023.2287787746945
Chhattisgarh,Bilaspur,22.356942982456143,81.99770350877188,30,381956,192764,189192,287620,155599,132021,371973,6984,236,2387,113,10,7,79146,1574,981.469569006661
Chhattisgarh,Bilaspur,22.356942982456143,81.99770350877188,406,2663629,1351574,1312055,1596560,932474,664086,2540763,57973,20745,6373,2979,2357,29122,519704,8566,970.7607574576012
Chhattisgarh,Dhamtari,20.554912627291245,81.7569195519348,412,799781,397897,401884,546833,303924,242909,777188,10425,2644,1196,667,3612,3685,148926,1016,1010.0201811021445
Chhattisgarh,Durg,21.194463849287164,81.33181639511197,409,3343872,1682101,1661771,2303378,1284612,1018766,3129745,83499,24304,24276,19587,17209,42569,614109,16141,987.9139243125115
Chhattisgarh,Jashpur,22.77286167664669,83.8703962075848,402,851669,424747,426922,495415,280656,214759,629509,15336,189588,474,467,694,14835,76783,567,1005.1206953786607
Chhattisgarh,Korba,22.491712499999995,82.57604326923074,404,1206640,612915,593725,748759,433391,315368,1133176,30195,21059,3666,897,753,15649,202380,4544,968.6906014700244
Chhattisgarh,Koriya,23.50412776859501,82.12515636363635,400,658917,334737,324180,397823,229923,167900,604259,25878,9398,1391,84,1155,15474,80023,1667,968.4618073293361
Chhattisgarh,Mahasamund,21.223727037773354,82.65925427435384,411,1032754,511967,520787,637963,364089,273874,1008061,12570,5284,2941,521,1495,1417,212487,961,1017.2276728773535
Chhattisgarh,Raigarh,22.008265068493166,83.27797698630134,403,1493984,750278,743706,951639,542756,408883,1422986,17332,47653,2117,781,409,1782,297308,3342,991.240580158288
Chhattisgarh,Raigarh,22.008265068493166,83.27797698630134,520,2634200,1344345,1289855,1939994,1059692,880302,2239370,227465,17452,7477,121791,12260,1159,547206,38570,959.4672498502988
Chhattisgarh,Raipur,20.88603153846152,82.20032759615388,410,4063872,2048186,2015686,2629749,1493158,1136591,3881485,103038,23181,16707,8397,17137,10680,728556,20261,984.1323004844287
Chhattisgarh,Surguja,23.32719278728607,83.23582493887531,401,2359886,1193129,1166757,1187941,694686,493255,2126195,81442,97432,2303,1287,623,48295,253131,2737,977.8967739448124
Daman and Diu,Daman,20.431616666666677,72.8392366071429,495,191173,124659,66514,150348,104316,46032,171537,16087,2618,169,216,244,79,49249,1316,533.5675723373362
Daman and Diu,Junagadh,20.72568199498111,70.83985639899612,479,2743082,1404356,1338726,1842818,1046981,795837,2397056,334858,2586,1110,1291,3841,77,498326,6628,953.2668354747657
Goa,North Goa,15.548723418714054,73.80667997909038,585,818008,416677,401331,663060,351738,311322,622213,57941,134169,618,553,546,166,173951,23440,963.1705133712684
Goa,South Goa,15.195278658183785,73.941792596877,586,640537,322463,318074,502427,264085,238342,341664,63623,231961,855,542,563,92,138810,17624,986.3891361179423
Gujarat,Ahmadabad,22.605425564971743,72.23898135593227,474,7214225,3788051,3426174,5435760,3025463,2410297,6042416,883238,50754,14542,4518,209287,2055,1456046,126341,904.4688152297844
Gujarat,Amreli,21.04832649310872,71.43457637825426,480,1514190,771049,743141,995459,558180,437279,1410463,99105,919,415,243,2053,40,273331,2538,963.805153758062
Gujarat,Anand,22.282718206229863,72.57782051557454,482,2092745,1087224,1005521,1551253,874481,676772,1798794,250919,29789,1524,267,8591,142,378310,9902,924.8517324856699
Gujarat,Banas Kantha,24.258538965517253,71.93205252873561,469,3120506,1610379,1510127,1704923,1048402,656521,2890305,213505,1686,486,281,12659,83,396873,3424,937.7463317641375
Gujarat,Bharuch,21.75787276237761,72.67326346710801,488,1551019,805707,745312,1118276,623047,495229,1188204,343511,9494,1733,442,4813,342,309091,10257,925.0409888458211
Gujarat,Bhavnagar,21.70219390341736,72.16272632761141,481,2880365,1490201,1390164,1887255,1087371,799884,2632574,212863,3457,1410,445,26974,127,500757,7297,932.8701295999667
Gujarat,Gandhinagar,23.193679790026252,72.67221679790026,473,1391753,723864,667889,1030494,582686,447808,1319586,57273,3237,1985,497,6405,82,262539,12107,922.6719383751644
Gujarat,Jamnagar,22.410600414263328,69.62062005768233,477,2160119,1114192,1045927,1396534,795140,601394,1810443,320805,4392,1873,1086,18856,136,386538,11573,938.7313856139697
Gujarat,Junagadh,20.929523011609785,70.54733890140345,479,2743082,1404356,1338726,1842818,1046981,795837,2397056,334858,2586,1110,1291,3841,77,498326,6628,953.2668354747657
Gujarat,Kachchh,23.48057203301311,68.82192301497916,468,2092371,1096737,995634,1252319,739239,513080,1608921,442355,6192,6353,490,25312,98,403294,9631,907.8147267758816
Gujarat,Kheda,22.88765312500002,73.018803515625,483,2299885,1185727,1114158,1660243,942480,717763,2000884,264482,26629,1403,300,3479,82,372226,5710,939.6412496299739
Gujarat,Mahesana,23.529355452865065,72.45545194085031,471,2035064,1056520,978544,1502645,847499,655146,1885732,136431,1954,1082,146,7087,88,385609,7759,926.1954340665582
Gujarat,Narmada,21.70666386292833,73.68403208722742,487,590297,301086,289211,370336,211767,158569,559848,22600,4413,147,80,373,2078,101940,576,960.5594414884783
Gujarat,Navsari,20.866973318871995,72.86184869848157,490,1329672,678165,651507,1001909,539471,462438,1225087,78669,5733,2459,601,13386,2823,267679,6726,960.6909822830727
Gujarat,Panch Mahals,22.80435606837605,73.61984598290586,484,2390776,1226961,1163815,1440805,858054,582751,2220974,158513,2863,662,337,5236,131,398937,3456,948.5346315001048
Gujarat,Patan,23.80634198473284,71.75162977099237,470,1343734,694397,649337,837913,494631,343282,1194745,142797,916,337,66,3602,66,223424,2231,935.1091666582661
Gujarat,Porbandar,21.55092351651571,69.71896987722886,478,585449,300209,285240,393678,221621,172057,549749,33565,500,248,91,515,38,117040,1653,950.1380704775672
Gujarat,Rajkot,22.40603377715488,70.83679439383323,476,3804558,1974445,1830113,2725056,1514075,1210981,3397406,361388,5478,1918,1170,33591,269,747352,21785,926.8999642937636
Gujarat,Sabar Kantha,23.71803594548552,73.13638790459964,472,2428589,1244231,1184358,1578734,918625,660109,2260560,148563,6375,614,168,11110,52,438606,5262,951.8795143345569
Gujarat,Surat,21.25761372772093,72.93488716344339,492,6081322,3402224,2679098,4571410,2687468,1883942,5260193,660772,21052,5703,12902,112835,3920,1252452,55694,787.4549118458984
Gujarat,Surendranagar,22.82672007299272,71.48358740875906,475,1756268,909917,846351,1093626,643221,450405,1620282,109681,1419,512,312,22992,128,302068,2975,930.1408809814523
Gujarat,The Dangs,20.801633877551023,73.6883518367347,489,228291,113821,114470,140968,77314,63654,203545,3593,20029,69,32,39,560,29794,137,1005.7019354952075
Gujarat,Vadodara,22.26133739279589,73.49433010291594,486,4165626,2153736,2011890,2893080,1614087,1278993,3713941,384579,23813,9340,2069,27650,1124,798277,53606,934.1395602803686
Gujarat,Valsad,20.44238231644259,72.9148584798345,491,1705678,887222,818456,1170657,655528,515129,1571147,94034,19661,1589,913,13809,1417,329218,11020,922.4929048197633
Haryana,Ambala,30.3503672316384,76.94970310734456,70,1128350,598703,529647,818025,461288,356737,955096,22143,3705,138202,381,4845,110,199681,12899,884.6573342709156
Haryana,Bhiwani,28.728868064516128,76.02110225806452,81,1634445,866672,767773,1069871,643158,426713,1611031,15515,873,2401,254,1016,26,266244,5292,885.8864714678679
Haryana,Faridabad,28.14873109756098,77.32718536585368,88,1809733,966110,843623,1272739,734940,537799,1588407,161680,9743,34572,640,4883,249,333171,43437,873.2163004212771
Haryana,Fatehabad,29.57298318584072,75.54608716814157,78,942011,495360,446651,557578,327471,230107,779243,8360,996,150969,171,1172,530,153301,3210,901.6694928940568
Haryana,Gurgaon,28.043894789579163,77.01935130260523,86,1514432,816690,697742,1111116,638666,472450,1408801,70842,9725,15097,944,7451,254,305751,67087,854.3535490822711
Haryana,Hisar,29.23628731117825,75.84324682779452,80,1743931,931562,812369,1114311,670200,444111,1701061,21650,1945,12270,334,3620,33,285004,10132,872.05038419343
Haryana,Jhajjar,28.59651868131869,76.61137142857145,83,958405,514667,443738,676091,399480,276611,945693,8247,734,1042,105,645,22,168558,5034,862.1846747508583
Haryana,Jind,29.45149821958457,76.29598575667653,77,1334152,713006,621146,832758,502049,330709,1276669,23016,889,29103,172,2594,56,222462,5263,871.1651795356561
Haryana,Kaithal,29.96068539094649,76.37698930041155,73,1074304,571003,503301,646529,385782,260747,974520,8232,1769,87558,265,351,70,187349,3724,881.4331973737442
Haryana,Karnal,29.703200647249204,76.87488025889972,74,1505324,797712,707612,978013,564516,413497,1341002,31650,2049,126207,532,1516,49,267223,11163,887.0519686302825
Haryana,Kurukshetra,30.05652659846548,76.78774680306903,72,964655,510976,453679,646893,370828,276065,805175,15970,1943,140395,214,375,106,171908,7356,887.8675319388778
Haryana,Mahendragarh,28.1352161458333,76.14018072916659,84,922088,486665,435423,630255,380440,249815,913251,5660,301,1737,75,644,15,135455,2624,894.7078585885569
Haryana,Panchkula,30.700897142857134,76.97173238095236,69,561293,299679,261614,405318,229862,175456,490702,23451,2583,40951,1008,1626,90,103455,18615,872.9807560756676
Haryana,Panipat,29.34352134146342,76.92895914634147,75,1205437,646857,558580,786599,464136,322463,1083936,86622,2261,25064,289,4647,99,209965,10024,863.52934265224
Haryana,Rewari,28.19164714828897,76.55956007604564,85,900332,474335,425997,636947,375453,261494,889133,5713,701,1804,202,1525,12,152651,5121,898.0931198414622
Haryana,Rohtak,28.892517647058817,76.53123235294117,82,1061204,568479,492725,747582,436025,311557,1043887,8185,732,3916,200,3491,24,193120,8482,866.7426589196787
Haryana,Sirsa,29.63583446327684,74.90970480225988,79,1295189,682582,612607,782897,456968,325929,940255,9524,2186,338962,370,2256,624,215527,6287,897.4848443117456
Himachal Pradesh,Bilaspur,31.3780422907489,76.65316079295157,30,381956,192764,189192,287620,155599,132021,371973,6984,236,2387,113,10,7,79146,1574,981.469569006661
Himachal Pradesh,Bilaspur,31.3780422907489,76.65316079295157,406,2663629,1351574,1312055,1596560,932474,664086,2540763,57973,20745,6373,2979,2357,29122,519704,8566,970.7607574576012
Himachal Pradesh,Chamba,32.66741814595661,76.39354063116366,23,519080,261320,257760,323842,186064,137778,479782,32455,1559,2745,1740,57,14,96082,1615,986.3768559620388
Himachal Pradesh,Hamirpur,31.67668481012659,76.49767088607594,28,454768,217070,237698,358091,180555,177536,449412,3711,243,591,95,293,9,104120,2521,1095.0292532362832
Himachal Pradesh,Hamirpur,31.67668481012659,76.49767088607594,168,1104285,593537,510748,653299,408125,245174,1010014,91269,814,196,74,41,273,55929,1196,860.5158566357278
Himachal Pradesh,Kangra,32.14093603238864,76.41205910931173,24,1510075,750591,759484,1152640,606443,546197,1461140,19797,3023,8929,14511,194,208,330081,8053,1011.8479971116094
Himachal Pradesh,Kinnaur,31.60667184065933,78.51613736263741,34,84121,46249,37872,60699,36697,24002,64732,448,485,249,18086,29,45,17865,354,818.8717593893922
Himachal Pradesh,Kullu,31.90911922077925,77.40922649350647,26,437903,225452,212451,307672,174550,133122,415669,2974,1568,1396,15377,94,83,91322,2623,942.3336231215513
Himachal Pradesh,Mandi,31.635805940594054,76.96556930693067,27,999777,498065,501712,723747,393669,330078,981412,9460,876,4081,2628,43,86,214491,5333,1007.3223374459157
Himachal Pradesh,Shimla,31.155725451807253,77.62573042168668,33,814010,425039,388971,612642,342846,269796,791449,11810,2025,4047,3262,185,197,172754,9177,915.1419046252227
Himachal Pradesh,Sirmaur,30.682764453961443,77.43184689507493,32,529855,276289,253566,362645,205617,157028,476830,33215,577,15501,2645,236,86,91509,2220,917.7564072402448
Himachal Pradesh,Solan,31.03864311926604,76.94442140672783,31,580320,308754,271566,428578,244372,184206,548579,14678,1452,13926,574,591,110,119866,5250,879.5545968635224
Himachal Pradesh,Una,31.58330388349513,76.18353932038836,29,521173,263692,257481,399715,213281,186434,480138,14275,390,26009,56,70,10,105929,2412,976.4460051878707
Jammu and Kashmir,Doda,33.359614675767915,76.07163720136518,16,409936,213641,196295,219083,138620,80463,187621,220614,472,422,21,22,42,61831,596,918.8077194920451
Jammu and Kashmir,Jammu,32.713199095022645,74.8477520361991,21,1529958,813821,716137,1137135,641916,495219,1289240,107489,12104,114272,470,1987,321,294739,19905,879.9686909037737
Jammu and Kashmir,Kargil,33.565994894894914,76.63675315315312,4,140802,77785,63017,86236,56301,29935,10341,108239,604,1171,20126,28,4,15824,235,810.1433438323584
Jammu and Kashmir,Kathua,32.51781678321678,75.58901398601404,7,616435,326109,290326,389204,228499,160705,540063,64234,1828,9551,24,16,2,109422,1443,890.2728842196934
Jammu and Kashmir,Pulwama,33.88414418604652,75.00921860465118,12,560440,293064,267376,293958,178326,115632,13840,535159,1109,9440,35,6,18,73629,1537,912.3467911445964
Jammu and Kashmir,Punch,33.791241290322574,74.29593161290322,5,476835,251899,224936,261724,163333,98391,32604,431279,958,11188,83,10,2,62900,346,892.9610677295266
Jammu and Kashmir,Srinagar,34.27312898550724,75.11021159420288,10,1236829,651124,585705,748584,431746,316838,42540,1177342,2746,12187,285,74,2,165403,16413,899.5291219491219
Jammu and Kashmir,Udhampur,33.04770670731707,75.15286951219511,19,554985,296784,258201,322354,197543,124811,489044,59771,1962,3418,106,57,235,73999,1214,869.9963609898108
Jharkhand,Bokaro,23.6814965034965,85.98398374125864,355,2062330,1072807,989523,1273520,759088,514432,1636460,241451,13730,4174,1890,2045,160524,274726,9754,922.3681426388903
Jharkhand,Chatra,24.11619945750453,84.93295804701627,347,1042886,533935,508951,510061,303902,206159,903179,116710,6565,888,35,129,12936,27037,590,953.2077874647663
Jharkhand,Deoghar,24.33070100755672,86.75697632241814,350,1492073,775022,717051,793538,489837,303701,1165140,302626,6027,143,188,282,16067,130193,1944,925.2008330086113
Jharkhand,Dhanbad,23.854509090909097,86.40372924901185,354,2684487,1405956,1278531,1722204,1014950,707254,2149480,431762,11243,9727,331,1268,77182,427173,11568,909.3677184776764
Jharkhand,Dumka,24.275006125574265,87.27662450229711,362,1321442,668514,652928,672409,406275,266134,1044726,106865,86404,234,267,162,78622,62110,1193,976.6856041907873
Jharkhand,Garhwa,24.082114689265527,83.68664265536722,346,1322784,683575,639209,653476,405161,248315,1104475,194680,17168,123,371,20,4591,29373,565,935.097099806166
Jharkhand,Giridih,24.30578509874329,86.08710915619386,349,2445474,1258098,1187376,1253475,783736,469739,1856202,508586,14645,937,650,1503,59218,125431,1944,943.7865730650553
Jharkhand,Godda,24.8189,87.2941735483871,351,1313551,677927,635624,604519,376212,228307,937126,289182,37795,97,128,115,47067,43230,874,937.5994760497812
Jharkhand,Gumla,23.078532948929148,84.55056787479396,366,1025213,514390,510823,559720,321795,237925,309563,51429,202449,221,531,23,457468,31687,831,993.0655728144015
Jharkhand,Jamtara,23.97873318077801,86.95325080091534,363,791042,404830,386212,426312,258260,168052,550560,164406,4419,520,118,783,68564,49419,808,954.01032532174
Jharkhand,Latehar,23.72511185840708,84.48298743362837,359,726978,369666,357312,350682,209706,140976,473049,69808,47653,120,128,16,133525,38194,340,966.5806430669847
Jharkhand,Lohardaga,23.488796043165483,84.6605169064748,356,461790,232629,229161,259707,149568,110139,112378,95012,16770,51,33,15,235987,28769,351,985.0921424242034
Jharkhand,Pakur,24.57260428082189,87.69691969178076,353,900422,452661,447761,352881,206989,145892,410127,322963,75865,356,283,222,88760,31414,328,989.1751222217068
Jharkhand,Palamu,24.196925968109337,84.20310842824594,358,1939869,1006302,933567,1024563,621706,402857,1683169,238295,6164,734,188,284,5681,68238,2155,927.720505375126
Jharkhand,Ranchi,23.184235061391547,85.31781937244203,364,2914253,1494937,1419316,1911433,1085244,826189,1612239,410759,193974,4826,932,2733,677445,350908,22538,949.4152596397039
Jharkhand,Sahibganj,24.93667989690721,87.68264097938142,352,1150567,589391,561176,483263,287303,195960,628044,398243,83208,198,245,125,38426,34879,591,952.1285530318582
Jharkhand,Simdega,22.608760391198054,84.59193691931536,367,599578,300309,299269,343483,191991,151492,201524,15103,306601,51,753,114,73930,16865,423,996.5369003259975
Karnataka,Bagalkot,16.15860676328503,75.64526070853468,556,1889752,950111,939641,1113412,641388,472024,1634229,219991,3433,443,412,25198,166,301389,3745,988.9802349409701
Karnataka,Bangalore Rural,12.936827087794448,77.47369314775169,583,990923,509172,481751,688749,385311,303438,890429,92252,5368,389,272,1045,85,214253,3729,946.1458996174181
Karnataka,Belgaum,16.16107219152853,74.72329042357275,555,4779661,2423063,2356598,3052032,1725548,1326484,4038331,528412,18418,2037,1086,178310,149,808827,17560,972.5698423854435
Karnataka,Bellary,15.074377548209377,76.47228471074374,565,2452595,1236954,1215641,1421621,813440,608181,2103633,320834,14014,1029,284,8044,54,440374,9626,982.7697715517311
Karnataka,Bidar,17.950361730769224,77.19459961538459,558,1703300,870665,832635,1042673,597198,445475,1289709,335184,35438,1145,30453,680,521,271439,3971,956.320743339861
Karnataka,Bijapur,16.84015316666667,75.95909166666665,417,255230,128663,126567,86919,54076,32843,245151,1617,2709,68,1649,15,3793,12516,117,983.7093803191283
Karnataka,Bijapur,16.84015316666667,75.95909166666665,557,2177331,1111022,1066309,1248268,730566,517702,1786830,369588,2433,558,374,8665,499,326594,4987,959.755072356803
Karnataka,Chikmagalur,13.425288289676422,75.67626502311249,570,1137961,566622,571339,818345,438257,380088,1004553,101235,26000,182,109,4710,4,238505,4510,1008.324773835114
Karnataka,Chitradurga,14.29102220394736,76.57821957236843,566,1659456,840843,818613,1087392,607188,480204,1520553,128751,3175,322,84,3778,128,307257,5711,973.5622464598029
Karnataka,Davanagere,14.330414586709884,75.91723841166937,567,1945497,986400,959097,1308540,720637,587903,1658465,265805,5420,307,164,6417,1743,372671,7320,972.3205596107056
Karnataka,Dharwad,15.343831376975173,75.13831264108359,562,1847023,937206,909817,1301664,711776,589888,1390020,386834,28747,1486,715,29037,2748,347962,15013,970.7759019895306
Karnataka,Gadag,15.507128256880746,75.64861302752298,561,1064570,537147,527423,700177,397178,302999,907750,143665,3432,231,79,5993,74,198064,3373,981.8969481352405
Karnataka,Gulbarga,17.070459515951594,76.87503850385033,579,2566326,1301755,1264571,1427368,828359,599009,2011014,513125,8344,826,9589,4865,330,404767,9752,971.435485171941
Karnataka,Hassan,12.945098749999998,76.11049549999997,574,1776421,883667,892754,1225256,668836,556420,1630814,120011,15611,289,623,5820,3,400702,4851,1010.2832854457617
Karnataka,Haveri,14.737582809224318,75.3961230607966,564,1597668,819128,778540,1085443,603793,481650,1281878,297927,2406,419,68,9834,702,295937,2456,950.4497465597562
Karnataka,Kodagu,12.39684468085106,75.79336595744688,576,554519,274608,279911,412877,215302,197575,448986,87274,17130,139,126,250,220,113931,3308,1019.311163549496
Karnataka,Kolar,13.312799881235172,78.01376947743476,581,1536401,776396,760005,1016219,564110,452109,1305431,199873,26722,253,150,2494,92,309494,5051,978.8883507900607
Karnataka,Koppal,15.651253271028034,76.1617048598131,560,1389920,699926,689994,809085,468785,340300,1218024,161770,4081,296,85,2898,461,223166,2135,985.8099284781534
Karnataka,Mandya,12.574901806239744,76.81570098522172,573,1805769,905085,900684,1149649,638668,510981,1712695,77801,8506,322,299,3607,109,391033,3367,995.1374732759907
Karnataka,Mysore,12.248100259403367,76.52881802853437,577,3001127,1511600,1489527,1962180,1063766,898414,2631985,290549,39361,1255,16194,14419,493,640868,28397,985.3975919555438
Karnataka,Raichur,16.050795353982295,76.87368606194688,559,1928812,964511,964301,979769,577213,402556,1634062,272022,10394,538,2265,4156,29,314547,5200,999.7822730896796
Karnataka,Shimoga,14.063845885634592,75.17882078103197,568,1752753,877415,875338,1263016,674938,588078,1479424,234664,26521,400,120,9234,367,363835,8791,997.6328191334774
Karnataka,Tumkur,13.592467760074973,77.02297966260545,571,2678980,1350594,1328386,1813391,1006024,807367,2413812,245923,9130,477,187,5067,161,562769,7971,983.5568646092015
Karnataka,Udupi,13.450404228534568,74.72009990316337,569,1177361,562131,615230,926429,465704,460725,1009179,96740,65838,232,161,4534,155,224814,9070,1094.4601881056194
Kerala,Alappuzha,9.542602965599087,76.38010796263319,598,2127789,1013142,1114647,1852797,890552,962245,1460447,224545,435056,268,146,74,311,507913,28842,1100.1883250324238
Kerala,Ernakulam,10.004879301987431,76.26957729035381,595,3282388,1619557,1662831,2855676,1425723,1429953,1509557,514397,1248137,860,614,1176,1083,771287,88737,1026.7196523493772
Kerala,Idukki,9.80480963855423,77.04586641566264,596,1108974,552808,556166,923010,471881,451129,541854,82206,481507,100,189,44,384,244844,8250,1006.0744417591641
Kerala,Kannur,11.941523076923056,75.35209891725934,589,2523003,1181446,1341557,2138434,1012956,1125478,1509592,742483,262526,424,1118,193,722,511167,32653,1135.5212172202537
Kerala,Kasaragod,12.33310309912974,75.07768497134369,588,1307375,628613,678762,1037492,516476,521016,729987,486913,87454,151,362,130,152,237670,10378,1079.7772238245154
Kerala,Kollam,8.929388820570157,76.6360775852431,600,2635375,1246968,1388407,2240273,1074345,1165928,1697635,508500,421598,208,272,63,619,630767,31542,1113.426326898525
Kerala,Kottayam,9.643701174068417,76.46059673302705,597,1974551,968289,1006262,1749798,861592,888206,983598,126499,858608,204,358,83,565,464039,37849,1039.2165975240864
Kerala,Kozhikode,11.392924270557026,75.71158720159153,591,3086293,1470942,1615351,2615443,1266939,1348504,1734958,1211131,131516,297,235,601,588,641660,36791,1098.1745031415242
Kerala,Malappuram,10.97329875666072,75.93910775606876,592,4112920,1960328,2152592,3311315,1597404,1713911,1135259,2888849,81556,205,179,68,579,730119,27909,1098.0774645875588
Kerala,Palakkad,10.784926903553291,76.49980490693744,593,2809934,1359478,1450456,2239492,1122600,1116892,1875980,812936,114397,220,238,78,400,587583,27162,1066.9212741949484
Kerala,Thiruvananthapuram,8.537101759082221,76.88711502868073,601,3301427,1581678,1719749,2785408,1354857,1430551,2194057,452915,630573,404,301,76,1082,783872,71621,1087.2940004223365
Kerala,Thrissur,10.458932647907687,76.12321940836945,594,3121200,1480763,1640437,2678548,1282261,1396287,1823442,532839,757484,259,278,62,585,721625,56148,1107.8322459434764
Kerala,Wayanad,11.715277464788736,76.07587007042254,590,817420,401684,415736,645585,328136,317449,404460,234185,174453,61,312,1797,286,149864,4712,1034.9827227372762
Madhya Pradesh,Anuppur,23.18184220430107,81.86560000000007,461,749237,379114,370123,436595,254120,182475,686524,21473,2132,606,86,1653,35434,81338,1290,976.2841783737873
Madhya Pradesh,Ashoknagar,24.63098846153845,77.82974493927134,459,845071,443837,401234,469109,290304,178805,778214,40707,635,8009,1352,15094,27,84720,619,904.0120584809288
Madhya Pradesh,Balaghat,21.80020720640569,80.42170053380796,457,1701698,842178,859520,1147623,626468,521155,1519384,38542,5295,1050,72162,4778,58064,277927,1712,1020.5918463792689
Madhya Pradesh,Barwani,21.702135714285724,74.91004719710673,441,1385881,699340,686541,549926,313642,236284,1318869,58222,2967,2361,416,2289,263,181139,1158,981.6984585466296
Madhya Pradesh,Betul,21.964626315789477,77.7873428189117,447,1575362,799236,776126,939769,529783,409986,1505745,37590,3271,1078,9651,3759,13048,230974,2109,971.0848860661932
Madhya Pradesh,Bhind,26.35951126187245,78.7618324287653,420,1703005,926843,776162,1094917,676513,418404,1595400,66776,973,4047,12215,19950,73,107819,1166,837.4255402479168
Madhya Pradesh,Bhopal,23.480726143790854,77.39246623093679,444,2371061,1236130,1134931,1660690,920314,740376,1755861,525434,23432,10789,21688,25950,335,452912,40788,918.1323970779772
Madhya Pradesh,Burhanpur,21.364567254408065,76.24460478589425,467,757847,388504,369343,408679,233073,175606,552526,180840,1199,1074,19883,1884,99,112420,986,950.6800444783065
Madhya Pradesh,Chhatarpur,24.813637376460004,79.56449299191374,425,1762375,936121,826254,943033,572010,371023,1676918,70351,1980,968,250,10409,102,176056,1880,882.6358985643949
Madhya Pradesh,Chhindwara,22.227966971713823,78.76413136439254,455,2090922,1064468,1026454,1294198,731294,562904,1923920,100692,4893,2258,24471,7830,25771,344875,3588,964.2882641845504
Madhya Pradesh,Damoh,23.76624407960196,79.47049303482588,428,1264219,661873,602346,747715,445737,301978,1186420,47966,1681,1096,119,25005,82,187731,1432,910.0628066109359
Madhya Pradesh,Datia,25.90226439560441,78.63916571428574,422,786754,420157,366597,491445,303815,187630,747693,28483,683,490,7923,453,10,97696,616,872.5238422780056
Madhya Pradesh,Dewas,22.7851110021322,76.46088805970157,437,1563715,805359,758356,925369,550716,374653,1376591,174259,2355,2330,382,6497,72,270457,3518,941.6372077545542
Madhya Pradesh,Dhar,22.572681718963157,75.1105620736698,438,2185793,1112725,1073068,1077338,638479,438859,2051219,116202,2261,1607,328,12199,88,349639,2388,964.3604664225213
Madhya Pradesh,Dindori,22.83738437047757,81.04332966714911,453,704524,351913,352611,378714,222759,155955,605435,6736,4238,260,61,687,84006,62372,554,1001.9834447718612
Madhya Pradesh,Guna,24.49043927178156,77.2235895968791,458,1241519,649362,592157,653980,400537,253443,1172248,49203,1208,3271,529,13474,52,144248,2482,911.9058398859188
Madhya Pradesh,Gwalior,26.04074441964285,78.12782433035713,421,2032036,1090327,941709,1357210,803114,554096,1835299,141735,4119,24790,4361,18058,217,306859,15779,863.6941027783408
Madhya Pradesh,Harda,22.227659781121783,77.07022571819435,448,570465,294838,275627,352550,203807,148743,527462,38640,683,676,93,1573,55,95066,986,934.8421845216695
Madhya Pradesh,Hoshangabad,22.595268801996703,78.02168094841929,449,1241350,648725,592625,810644,469199,341445,1175203,52269,4453,3127,1550,3888,107,198076,2871,913.5226791013141
Madhya Pradesh,Indore,22.680265752128648,75.9133801324502,439,3276697,1699627,1577070,2309130,1289631,1019499,2728225,415142,18523,25696,11496,71667,720,593576,48691,927.8918256770456
Madhya Pradesh,Jabalpur,23.18525572327043,79.98328754716981,451,2463289,1277278,1186011,1756468,980307,776161,2159065,203652,23142,13256,4320,33728,21010,452023,20443,928.5457042241392
Madhya Pradesh,Jhabua,22.419578015397768,74.40921616766468,464,1025048,515023,510025,352081,214582,137499,960925,15733,38423,141,65,8871,388,125411,744,990.2955790323928
Madhya Pradesh,Katni,23.724416229116937,80.33819665871127,450,1292042,662013,630029,790773,460583,330190,1240650,37232,3158,1167,157,5342,2643,172416,2179,951.6867493538647
Madhya Pradesh,Mandla,22.70348712446353,80.38600543633753,454,1054905,525272,529633,604962,348033,256929,849518,16558,12450,436,297,1789,170533,143803,912,1008.3023652507652
Madhya Pradesh,Mandsaur,24.19278764044944,75.43588667736759,433,1340411,682851,657560,834591,502898,331693,1192588,125548,1120,849,242,19029,77,239885,2324,962.9626375300029
Madhya Pradesh,Morena,26.37313504531724,77.88447341389724,419,1965970,1068417,897553,1179685,747652,432033,1875495,76159,1092,557,3234,6681,92,131486,1781,840.0774229537717
Madhya Pradesh,Neemuch,24.70311893333336,75.06608186666664,432,826067,422653,403414,508834,307889,200945,741288,67324,1508,1110,224,14165,115,145258,1945,954.4803893501288
Madhya Pradesh,Panna,24.451325840092657,80.21133001158752,426,1016520,533480,483040,552559,332140,220419,974748,35214,418,186,37,4734,218,76097,653,905.451000974732
Madhya Pradesh,Raisen,23.292518206521724,78.16305495923909,446,1331597,700358,631239,820220,479093,341127,1195235,120331,1725,2262,253,10637,190,194373,1141,901.3090448028008
Madhya Pradesh,Rajgarh,23.785499026425583,76.66431223922116,442,1545814,790212,755602,804245,488797,315448,1433879,106928,1243,460,121,1599,50,231130,1611,956.201626905185
Madhya Pradesh,Ratlam,23.503562290502792,75.14895782122909,434,1455069,738241,716828,825880,485090,340790,1267043,151071,3996,1353,175,29353,123,213825,3644,970.9945668149019
Madhya Pradesh,Rewa,24.861184625158856,81.57572465057183,430,2365106,1225100,1140006,1441757,845572,596185,2268838,85414,1964,832,986,655,232,251132,3406,930.5411803118113
Madhya Pradesh,Sagar,23.800318709677374,78.71940357771273,427,2378458,1256257,1122201,1545719,908607,637112,2198297,103480,5580,4146,991,62992,168,366494,4546,893.2893508255079
Madhya Pradesh,Satna,24.62777621776502,80.75547048710598,429,2228935,1157495,1071440,1371781,801051,570730,2158623,59471,2228,1163,364,3135,1689,294702,3754,925.6541064972203
Madhya Pradesh,Sehore,22.9297199679658,77.06780202883085,445,1311332,683743,627589,780362,469208,311154,1163607,137980,1404,640,357,6232,66,212138,1566,917.872650981436
Madhya Pradesh,Seoni,22.33230487804874,79.66053863928111,456,1379131,695879,683252,864194,485341,378853,1145052,79739,1857,360,7288,4982,135315,228695,1182,981.8546040331724
Madhya Pradesh,Shahdol,23.44859864559819,81.4596831828442,460,1066063,540021,526042,604194,348761,255433,997073,42426,2372,912,268,1737,19448,113184,1733,974.1139696419214
Madhya Pradesh,Shajapur,23.566620317220547,76.33555181268885,436,1512681,780520,732161,894612,543509,351103,1321003,174724,815,631,179,13755,66,232735,1382,938.0425869932866
Madhya Pradesh,Sheopur,25.78014810996563,77.16911116838484,418,687861,361784,326077,328025,208201,119824,638702,41396,230,6387,201,379,40,74770,273,901.3029874179068
Madhya Pradesh,Shivpuri,25.37802451874367,77.74861600810549,423,1726050,919795,806255,900846,573242,327604,1648749,51200,1117,7151,3421,12171,72,148128,1852,876.5594507471774
Madhya Pradesh,Sidhi,24.17547189952905,82.1053783359498,462,1127033,575912,551121,600785,353030,247755,1077545,34419,511,128,92,93,12556,102228,837,956.9534928947478
Madhya Pradesh,Tikamgarh,25.14099852104666,78.89357064846428,424,1445166,760355,684811,747940,459353,288587,1383475,44143,588,251,109,15569,39,132725,1090,900.6464085854634
Madhya Pradesh,Ujjain,23.319288862745065,75.80383717647058,435,1986864,1016289,970575,1240990,730817,510173,1718204,233133,4659,3241,945,24622,211,323379,7501,955.0187003893577
Madhya Pradesh,Umaria,23.59601063063061,80.90879477477475,431,644758,330674,314084,356672,210907,145765,620515,15966,667,190,70,220,6028,67975,839,949.829741679116
Madhya Pradesh,Vidisha,23.82838307984792,77.9013507604563,443,1458875,769568,689307,862918,512344,350574,1287391,149548,1313,914,295,18490,70,181510,1926,895.7064223044617
Maharashtra,Akola,20.746310479041902,77.12122320359276,501,1813906,932334,881572,1411281,758977,652304,1107809,357253,4483,1504,328033,10205,389,314490,6163,945.553846582877
Maharashtra,Amravati,21.16520991810736,77.67583503184723,503,2888445,1480768,1407677,2251875,1207104,1044771,2055177,421410,7223,2242,383891,11360,3288,512492,9438,950.639803129187
Maharashtra,Aurangabad,20.0979228832952,75.32072196796334,235,2540073,1318684,1221389,1466002,868733,597269,2291133,237353,2218,295,334,775,19,44456,2362,926.218108356513
Maharashtra,Aurangabad,20.0979228832952,75.32072196796334,515,3701282,1924469,1776813,2503837,1430936,1072901,2545438,786677,15991,5142,309093,30981,1005,589477,23258,923.2744201127687
Maharashtra,Bhandara,21.211792649727748,80.10950199637024,506,1200334,605520,594814,899860,488709,411151,1009352,26502,2145,831,154458,1017,3555,227025,2932,982.3193288413264
Maharashtra,Bid,18.952353340080982,75.69319706477731,523,2585049,1349106,1235943,1718507,987185,731322,2174672,320395,2097,824,68482,8719,399,402052,5614,916.1200083610925
Maharashtra,Buldana,20.56680611183355,76.39017880364096,500,2586258,1337560,1248698,1879874,1048892,830982,1845424,354236,3531,1668,364229,12242,522,423036,4767,933.5641017973026
Maharashtra,Chandrapur,20.095609090909075,79.31556380471388,509,2204307,1123834,1080473,1578615,872565,706050,1780085,92297,10701,5251,286734,3861,23188,418666,8239,961.4168996488805
Maharashtra,Dhule,21.274018690400517,74.58719071837263,498,2050862,1054031,996831,1293916,723388,570528,1825460,187901,3653,1422,13405,12818,912,315332,6065,945.7321463979712
Maharashtra,Gondiya,21.225008411214997,80.17522698598128,507,1322507,661554,660953,1004243,542837,461406,1153861,26157,1827,2160,125282,1568,5080,239981,2866,999.0915329663187
Maharashtra,Hingoli,19.59525302245251,77.09239412780653,512,1177345,606294,571051,790743,450551,340192,863199,127552,992,643,176679,5278,103,159114,1221,941.8714353102621
Maharashtra,Jalgaon,20.8828943415638,75.55140421810695,499,4229917,2197365,2032552,2891882,1629223,1262659,3457615,560261,7091,3091,143865,27404,9662,720791,14297,924.9951646631306
Maharashtra,Jalna,19.984612534818933,75.98473607242339,514,1959046,1011473,947573,1195523,699428,496095,1504641,274221,12542,1629,152540,9619,336,288895,3791,936.8248089667248
Maharashtra,Kolhapur,16.44881301587301,74.12897150793648,530,3876001,1980658,1895343,2825845,1559760,1266085,3379906,286558,15573,1570,29766,154882,1274,770005,22269,956.9259306755634
Maharashtra,Latur,18.348687268993856,76.75812607802874,524,2454196,1273140,1181056,1650672,932432,718240,2006984,367664,2387,935,66535,6387,310,381722,6217,927.6717407355043
Maharashtra,Nagpur,21.196556862745105,79.02166176470584,505,4653570,2384975,2268595,3673808,1959220,1714588,3492202,390974,34667,20469,668050,24528,12181,917626,57964,951.2028427970944
Maharashtra,Nanded,19.209316983017,77.6829048951049,511,3361292,1730075,1631217,2189425,1255222,934203,2501741,471951,3902,13540,354189,5049,1273,488748,7548,942.8591246044247
Maharashtra,Nandurbar,21.523175625248147,74.32638757443429,497,1648295,833170,815125,906509,512099,394410,1521618,96182,8467,685,4969,6191,2907,186202,2579,978.3417549839769
Maharashtra,Nashik,20.266912871287143,74.03824168316828,516,6107187,3157186,2950001,4345366,2397538,1947828,5237009,693052,23946,8912,94783,38212,1795,904710,45039,934.3766886081467
Maharashtra,Osmanabad,18.19459456066944,75.99495575313809,525,1657576,861535,796041,1137810,644304,493506,1437623,178925,942,340,28216,4530,195,240042,3209,923.9798731334189
Maharashtra,Parbhani,19.31032425249168,76.70163338870431,513,1836086,942870,893216,1157814,666291,491523,1328385,306364,2081,1371,187899,6238,262,272486,3982,947.3373847932377
Maharashtra,Pune,18.51696171428573,74.12922881632647,521,9429408,4924105,4505303,7171723,3940210,3231513,8090254,673704,134192,27090,340404,127786,9873,1925019,235018,914.9486048733729
Maharashtra,Raigarh,18.453257637845976,73.0090609418579,403,1493984,750278,743706,951639,542756,408883,1422986,17332,47653,2117,781,409,1782,297308,3342,991.240580158288
Maharashtra,Raigarh,18.453257637845976,73.0090609418579,520,2634200,1344345,1289855,1939994,1059692,880302,2239370,227465,17452,7477,121791,12260,1159,547206,38570,959.4672498502988
Maharashtra,Ratnagiri,17.210195070127703,73.25725893866404,528,1615069,761121,853948,1199392,619012,580380,1307211,187197,1990,230,113467,3347,95,367352,7752,1121.9608971503874
Maharashtra,Sangli,17.154930181086502,74.70713822937628,531,2822143,1435728,1386415,2049467,1121550,927917,2440312,239607,9098,1260,38210,87453,769,485126,13212,965.6529649070019
Maharashtra,Satara,17.6737908974359,74.18052064102558,527,3003741,1510842,1492899,2225694,1201034,1024660,2691952,146970,4408,1182,141315,12810,676,562653,14093,988.1238408781329
Maharashtra,Sindhudurg,16.170948049777163,73.51329008172343,529,849651,417332,432319,666067,348289,317778,780384,26264,15471,219,24762,1046,53,194228,3517,1035.9114565861234
Maharashtra,Solapur,17.837357937584812,75.42394823609216,526,4317756,2227852,2089904,2910676,1651266,1259410,3795424,441254,9882,1279,35497,28134,568,595560,15145,938.080267450441
Maharashtra,Thane,19.698767747440264,72.79882742564581,517,11060148,5865078,5195070,8227161,4591396,3635765,8716055,1355630,280700,39149,449617,172052,9862,2231800,256170,885.7631560910188
Maharashtra,Wardha,20.80743024390242,78.57259105691062,504,1300774,668385,632389,1019458,552617,466841,1057096,53854,2696,2147,175417,5663,2254,266155,4313,946.1448117477203
Maharashtra,Washim,20.282282394366213,77.25502394366208,502,1197160,620302,576858,869917,487703,382214,859949,142672,1707,518,179330,8476,381,196022,1875,929.9631469832436
Maharashtra,Yavatmal,20.04258346738159,78.05326371760479,510,2772348,1419965,1352383,2022574,1115980,906594,2251401,239236,4567,1596,249874,11422,3745,446516,6094,952.4058691587469
Manipur,Bishnupur,24.50712111801243,93.8246236024845,275,237399,118782,118617,156333,87313,69020,175102,18691,4264,56,76,16,38457,34364,676,998.6109006415114
Manipur,Chandel,24.2635812987013,94.09443844155844,280,144182,74579,69603,90302,51053,39249,10810,3086,129049,136,400,59,354,18764,184,933.2788050255434
Manipur,Churachandpur,24.30309718875504,93.38671506024085,274,274143,138820,135323,195935,104013,91922,12034,2886,254979,152,495,87,2333,29894,837,974.8091053162369
Manipur,Senapati,25.08465586034914,94.03366234413956,272,479148,247323,231825,264477,148012,116465,43833,1649,426819,140,2409,53,1243,22798,256,937.3370046457467
Manipur,Tamenglong,24.98312942238265,93.49450740072204,273,140651,72371,68280,85006,47403,37603,2995,589,134760,59,425,57,1144,11541,125,943.4718326401459
Manipur,Thoubal,24.545392553191498,93.97959893617023,276,422168,210845,211323,269304,152617,116687,267146,107323,4322,106,114,24,42347,49507,880,1002.2670682254737
Manipur,Ukhrul,25.05900314960629,94.44129566929138,279,183998,94718,89280,129829,70148,59681,7553,1115,174112,108,635,70,32,14026,276,942.5874701746236
Meghalaya,East Garo Hills,25.82728228228228,90.64684924924916,294,317917,161223,156694,192147,102513,89634,17272,3359,289708,56,1004,38,5617,24550,288,971.9084745972968
Meghalaya,East Khasi Hills,25.303763888888884,91.75922519841272,298,825922,410749,415173,578030,287270,290760,144935,14185,543394,2495,3111,303,115597,135941,5032,1010.770567913738
Meghalaya,Jaintia Hills,25.33959557069844,92.37608160136298,299,395124,196285,198839,187527,87371,100156,12456,1646,271596,34,284,45,107559,41677,510,1013.0116921822861
Meghalaya,South Garo Hills,25.240568578553614,90.64560349127176,295,142334,73170,69164,82062,45003,37059,7036,1050,132984,27,332,10,362,10940,179,945.2507858411917
Meghalaya,West Garo Hills,25.495285185185185,90.03709947089942,293,643291,324159,319132,358702,193438,165264,122936,106788,389956,209,3392,144,16950,51301,1630,984.4921782211816
Meghalaya,West Khasi Hills,25.500889926739926,91.25364542124538,296,383461,193715,189746,230678,117307,113371,6498,1533,366881,58,1313,38,5878,32873,149,979.5111374958057
Mizoram,Aizawl,23.90781335453101,92.85359459459472,283,400309,199270,201039,340595,169547,171048,13249,5264,379134,105,1570,76,505,79804,4019,1008.8774025191951
Mizoram,Champhai,23.54166580976866,93.24221799485862,284,125745,63388,62357,100802,51440,49362,1075,699,123446,9,151,45,194,23948,186,983.7350918154856
Mizoram,Kolasib,24.2020004347826,92.73470391304348,282,83955,42918,41037,65895,34147,31748,4000,4426,75210,16,108,2,46,14853,367,956.1722354256955
Mizoram,Lawngtlai,22.36102843137253,92.66964156862753,287,117894,60599,57295,62861,36444,26417,1668,522,63892,52,51549,122,2,9283,162,945.477648146009
Mizoram,Lunglei,23.007717036172675,92.63512555425892,286,161428,82891,78537,121122,64515,56607,5231,1290,127124,74,27543,93,5,26394,482,947.4731876802065
Mizoram,Mamit,23.73852942502819,92.4330803833147,281,86364,44828,41536,60191,32977,27214,2989,1782,69104,13,12328,25,19,12158,90,926.5637547961095
Mizoram,Saiha,22.35744801061008,93.02827931034489,288,56574,28594,27980,42233,21861,20372,933,514,54977,11,102,4,2,7400,168,978.5269636986781
Mizoram,Serchhip,23.263864705882344,92.914158496732,285,64937,32851,32086,54476,27598,26878,991,335,63444,6,60,9,35,12315,131,976.713037654866
Nagaland,Dimapur,25.814176811594223,93.75074057971014,265,378811,197394,181417,278037,150142,127895,108900,31212,234239,566,1270,2148,157,71413,3303,919.0603564444715
Nagaland,Kohima,25.60311428571428,93.78600657596373,270,267988,138966,129022,197489,107038,90451,25496,4384,234955,998,1519,80,335,50724,1928,928.4429284861045
Nagaland,Mokokchung,26.478911764705888,94.522426006192,262,194622,101092,93530,159494,83479,76015,9840,2057,181847,78,442,66,6,40154,537,925.1968503937009
Nagaland,Mon,26.69207374301676,95.03072988826828,261,250260,131753,118507,119626,67432,52194,8102,3444,236494,84,1256,314,1,14398,178,899.4633898279357
Nagaland,Phek,25.63272986577182,94.56814563758392,266,163418,83743,79675,105893,57926,47967,3563,950,158224,31,350,17,198,36182,170,951.4228054882199
Nagaland,Tuensang,26.21104453280316,94.85809880715708,267,196596,101933,94663,117511,63653,53858,2979,1052,191864,27,572,5,1,24998,155,928.6786418529819
Nagaland,Wokha,26.202611551155112,94.1990815181518,264,166343,84505,81838,128208,67385,60823,5605,2043,158236,34,318,8,20,25268,198,968.4397372936513
Nagaland,Zunheboto,26.028178205128206,94.50026666666668,263,140757,71217,69540,102881,53504,49377,2580,772,136995,39,286,6,2,28846,261,976.4522515691478
Orissa,Baleshwar,21.48570932311624,87.08085828011933,377,2320529,1185787,1134742,1621232,902359,718873,2197709,94254,6434,237,111,201,18345,296834,7370,956.9526398923247
Orissa,Bhadrak,20.95262735257214,86.81496204516931,378,1506337,760260,746077,1094140,596269,497871,1398543,104202,745,169,81,111,61,164636,2637,981.3445400257806
Orissa,Cuttack,20.407640646029623,85.7776810228802,381,2624470,1352760,1271710,2011469,1103033,908436,2457729,141263,11985,1026,6276,1180,168,349587,15046,940.0854549217895
Orissa,Dhenkanal,20.79887159353349,85.53226836027711,383,1192811,612593,580218,829910,464093,365817,1185542,4805,727,124,366,39,139,117172,1810,947.1508815804294
Orissa,Gajapati,19.121080882352945,84.14015091911759,389,577817,282882,294935,262537,153663,108874,353160,1556,219482,53,2180,66,4,63112,635,1042.6078718334852
Orissa,Ganjam,19.2632617564534,84.80297710437702,388,3529031,1779218,1749813,2210050,1262652,947398,3486059,13315,23975,590,174,170,76,405298,9049,983.4730763740025
Orissa,Jharsuguda,21.827058566978184,83.93581682242987,371,579505,296690,282815,405879,228092,177787,553587,12783,10462,1441,80,70,67,81433,2498,953.2340153021672
Orissa,Kalahandi,19.784253092783523,83.1124043814433,395,1576869,787101,789768,802036,484177,317859,1555367,4975,11160,796,175,1225,220,91171,1953,1003.3883834476134
Orissa,Kandhamal,20.092878624813142,84.02216352765326,390,733110,359945,373165,399786,233900,165886,580300,2138,148895,82,290,47,23,28736,768,1036.7278334189946
Orissa,Kendrapara,20.606319815982264,86.83763247572003,379,1440361,717814,722547,1089265,579970,509295,1386792,50247,1423,169,62,52,24,173107,1628,1006.5936301047346
Orissa,Khordha,20.054162322274863,85.52234834123229,386,2251673,1167137,1084536,1749936,957515,792421,2147632,84060,12527,1264,475,476,434,349860,35701,929.2276742147666
Orissa,Koraput,18.82627794779476,82.81278469846964,398,1379647,678809,700838,568090,340843,227247,1294151,8850,68550,518,219,491,3384,85766,3988,1032.4524277079415
Orissa,Malkangiri,18.25227930367506,81.98293636363628,399,613192,303624,309568,244706,147001,97705,600219,1871,10039,213,43,195,35,24604,448,1019.5768450451874
Orissa,Mayurbhanj,21.897621545157754,86.4030408052231,376,2519738,1256213,1263525,1369397,794171,575226,2113079,33706,15008,661,162,109,351714,140189,2950,1005.8206689470654
Orissa,Nayagarh,20.192895622119817,85.05614700460825,385,962789,502636,460153,688362,392333,296029,955754,5278,383,107,33,24,12,124984,1163,915.4795915931211
Orissa,Nuapada,20.471309512195116,82.59152536585364,394,610382,301962,308420,299383,180903,118480,601092,4952,1778,724,76,905,22,43976,757,1021.3867970141939
Orissa,Puri,19.83509174603177,85.86698989898981,387,1698730,865380,833350,1291939,704857,587082,1644905,46094,4239,193,243,94,302,201605,3416,962.987358154799
Orissa,Rayagada,19.292840020060204,83.45860120361095,396,967911,471960,495951,407735,241959,165776,874445,4607,84916,219,249,123,44,61543,1553,1050.8326976862445
Orissa,Sambalpur,21.515752380952385,84.34958483245157,372,1041099,526877,514222,703691,393192,310499,964188,20120,50637,2506,310,86,1117,126498,5231,975.9811113409771
Orissa,Sundargarh,22.06354819277107,84.50524819277099,374,2093437,1061147,1032290,1342322,750147,592175,1532352,71391,385011,5713,710,721,89986,223537,12787,972.8058412265219
Puducherry,Karaikal,10.876161726078813,79.82369793621002,637,200222,97809,102413,154916,79903,75013,152638,28835,18391,46,63,54,14,47880,1868,1047.071332903925
Puducherry,Mahe,12.006420793787758,75.28275021570326,636,41816,19143,22673,36470,16610,19860,27940,12856,958,3,21,14,3,7150,574,1184.4016089432168
Puducherry,Yanam,16.707695652173904,82.26187304347832,634,55626,27301,28325,39274,19919,19355,53537,1191,873,3,1,4,4,12859,207,1037.5077835976706
Punjab,Amritsar,31.548679820627772,74.79883856502238,49,2490656,1318408,1172248,1684770,932981,751789,690939,12502,54344,1716935,876,3152,1044,461231,29961,889.1390222146711
Punjab,Bathinda,30.190524611973352,75.05685898004438,46,1388525,743197,645328,844868,488261,356607,380569,16299,2474,984286,246,1266,559,255650,11284,868.313515797292
Punjab,Faridkot,30.591187250996025,74.79751553784862,45,617508,326671,290837,381285,215767,165518,141363,3125,1227,469789,155,1109,103,113549,4348,890.3055367632878
Punjab,Fatehgarh Sahib,30.64290947368421,76.36208394736842,40,600163,320795,279368,426033,238696,187337,152851,16808,1698,427521,48,178,251,113683,5138,870.8614535762714
Punjab,Firozpur,30.63407535211269,74.40245732394365,43,2029074,1071637,957437,1227511,707070,520441,906408,6844,19358,1090815,454,1143,278,349662,10042,893.434063960091
Punjab,Gurdaspur,32.04283371212125,75.3204064393939,35,2298323,1212617,1085706,1634719,907660,727059,1074332,27667,176587,1002874,405,580,812,411216,14428,895.3412330521509
Punjab,Hoshiarpur,31.55157169811319,75.8469857442349,38,1586625,809057,777568,1199699,637927,561772,1000743,23089,14968,538208,3476,2034,531,319930,13747,961.0793800684006
Punjab,Jalandhar,31.250336907216507,75.54400350515463,37,2193590,1145211,1048379,1622537,882581,739956,1394329,30233,26016,718363,11385,4011,805,446200,39082,915.4461492249027
Punjab,Kapurthala,31.336592638036837,75.47641165644177,36,815168,426311,388857,576567,316254,260313,336124,10190,5445,453692,6662,553,334,161206,9732,912.1439512468596
Punjab,Ludhiana,30.76596397379912,75.83110851528383,41,3498739,1867816,1630923,2560225,1428348,1131877,1502403,77713,16517,1863408,2007,19620,1254,703624,58589,873.1711260638093
Punjab,Mansa,29.919547714285724,75.4304922857143,47,769751,408732,361019,423560,244037,179523,156539,10375,917,598443,123,1577,493,140099,2673,883.2658074239355
Punjab,Moga,30.756540067340065,75.1600845117845,42,995746,525920,469826,627889,348549,279340,158414,9388,3277,818921,178,436,365,183396,7897,893.3411925768178
Punjab,Muktsar,30.31243303303303,74.5518747747748,44,901896,475622,426274,524848,300401,224447,254920,4333,1681,638625,240,744,433,166585,4571,896.2453376841273
Punjab,Patiala,30.214540380693364,76.27505893949697,48,1895686,1002522,893164,1266791,711052,555739,783306,40043,5683,1059944,245,1914,1410,352929,24274,890.9171070560049
Punjab,Rupnagar,30.910937330754347,76.53743500967126,51,684627,357485,327142,502731,278534,224197,304481,14492,2094,361045,118,653,143,129123,6600,915.1209141642307
Punjab,Sangrur,30.185045204336895,75.89437014178496,53,1655169,878029,777140,1002077,570413,431664,389410,179116,2406,1077438,268,3222,1038,305557,10736,885.0960503582455
Rajasthan,Ajmer,26.199300378787903,74.6990419191919,119,2583052,1324085,1258967,1526673,926268,600405,2201663,314159,10605,6799,417,45614,184,393498,13499,950.8203778458331
Rajasthan,Alwar,27.55271738035265,76.65359630562563,104,3674179,1939026,1735153,2182476,1359829,822647,3039279,547335,2696,64532,4384,13221,348,485723,9750,894.8580369732019
Rajasthan,Banswara,23.453642032967014,74.44246868131869,125,1797485,907754,889731,829343,513854,315489,1701234,48834,22250,427,138,22613,109,120603,2324,980.1455019752048
Rajasthan,Baran,24.98023243243244,76.86210651828291,128,1222755,633945,588810,693307,432607,260700,1133349,79984,1432,3066,84,2795,48,161310,1363,928.8029718666446
Rajasthan,Barmer,25.77070908045978,71.50297126436782,115,2603751,1369022,1234729,1188322,783461,404861,2244882,321192,1157,450,157,34010,34,126494,2766,901.905886099712
Rajasthan,Bharatpur,27.32411858037578,77.21752077244258,105,2548462,1355726,1192736,1480869,943910,536959,2143046,371286,1576,23456,899,5758,18,288723,4179,879.7765920252323
Rajasthan,Bhilwara,25.45119767759564,74.63947595628417,122,2408523,1220736,1187787,1256126,777582,478544,2224839,142427,1978,1468,183,35149,60,373644,6207,973.0089061025479
Rajasthan,Bikaner,28.12489068322981,73.26943322981371,101,2363937,1240801,1123136,1278801,782399,496402,2073356,235741,1901,20072,285,30850,79,220793,7607,905.170128006022
Rajasthan,Bundi,25.48580716049379,75.79984074074079,121,1110906,577160,533746,585044,371705,213339,1017688,66609,682,11059,144,13455,24,136969,1392,924.7799570309793
Rajasthan,Chittaurgarh,24.631623761665463,74.80010997846382,126,1544338,783171,761167,821825,514851,306974,1413163,97855,1274,1515,252,25843,136,268172,4941,971.903964779084
Rajasthan,Churu,28.29330375536484,74.65846427038629,102,2039547,1051446,988101,1149269,696729,452540,1777879,249736,958,402,188,7104,127,231696,2577,939.7543953755114
Rajasthan,Dausa,26.91234817629181,76.57342097264443,109,1634409,857787,776622,938051,596935,341116,1582335,45488,439,296,94,3737,115,195277,1719,905.378607976106
Rajasthan,Dhaulpur,26.72397054945053,77.74476219780222,106,1206516,653647,552869,683098,435721,247377,1127520,72258,688,1356,92,2739,21,96086,1330,845.821980365549
Rajasthan,Dungarpur,23.75104807692308,73.84765641025645,124,1388552,696532,692020,681591,415820,265771,1340065,28662,830,240,226,16141,853,141275,1477,993.5221928066478
Rajasthan,Ganganagar,29.256785412667963,73.56192303262948,99,1969168,1043340,925828,1193343,710908,482435,1437144,50688,2077,474853,938,1988,164,283142,6295,887.3694097801292
Rajasthan,Hanumangarh,29.1813351791531,74.74632573289902,100,1774692,931184,843508,1034136,624281,409855,1433067,118673,1542,216997,241,1935,138,243163,3360,905.8446021409302
Rajasthan,Jaipur,27.033459290187885,75.77117286012533,110,6626178,3468507,3157671,4300965,2554793,1746172,5819980,687452,12708,18782,1020,81079,257,990085,76565,910.3833436115308
Rajasthan,Jaisalmer,26.86900838548185,71.18371877346682,114,669919,361708,308211,308653,210415,98238,497045,168129,874,1723,98,1521,34,43141,754,852.0989306291262
Rajasthan,Jalor,25.07578093797277,72.18647261724662,116,1828730,936634,892096,829582,543923,285659,1732852,78990,730,231,144,14640,82,161845,1585,952.4488754412076
Rajasthan,Jhalawar,24.24725541474657,76.11242891705065,129,1411129,725143,685986,739792,466815,272977,1299751,96164,842,819,46,12488,42,220428,1750,946.0009956656825
Rajasthan,Jhunjhunun,28.13517401247401,75.52840893970894,103,2137045,1095896,1041149,1370360,815834,554526,1905682,228178,1004,275,56,548,85,297559,4828,950.0436172775519
Rajasthan,Jodhpur,26.678460838536967,73.00450847457628,113,3687165,1923928,1763237,2031532,1265753,765779,3224399,411558,6035,4123,514,36697,80,408808,19335,916.4776436540245
Rajasthan,Karauli,26.51901555555556,76.96081818181815,107,1458248,783639,674609,805849,531904,273945,1370977,81553,602,297,70,3424,413,132079,1059,860.8670574078116
Rajasthan,Kota,25.175718080000014,76.18618928000001,127,1951014,1021161,929853,1298345,765396,532949,1661307,243993,5665,11058,280,25742,286,339899,12843,910.5841292411285
Rajasthan,Nagaur,27.07862016048146,74.14215667001012,112,3307743,1696325,1611418,1758624,1102750,655874,2833443,454487,1912,366,163,12940,276,347344,4449,949.9465019969641
Rajasthan,Pali,25.80490393541874,73.55285640766907,118,2037573,1025422,1012151,1085693,667381,418312,1870543,143476,1345,1540,141,18974,52,326793,4043,987.0580112383
Rajasthan,Rajsamand,25.24894767441859,73.96570215946844,123,1156597,581339,575258,619139,383334,235805,1105676,33677,759,260,100,14966,68,193276,1989,989.5396661844466
Rajasthan,Sawai Madhopur,26.251081180223288,76.4219283891548,108,1335551,704031,631520,741748,486184,255564,1165505,155681,945,812,177,9991,42,140947,1887,897.005955703655
Rajasthan,Sikar,27.64644058641976,75.29317422839503,111,2677333,1374990,1302343,1652117,995275,656842,2342076,327583,1122,356,177,4050,15,339457,5647,947.1654339304287
Rajasthan,Sirohi,24.7976905263158,72.75309131578943,117,1036346,534231,502115,476806,309900,166906,996562,30479,1284,572,114,6829,56,134089,2146,939.8836832755868
Rajasthan,Tonk,26.153935071707927,75.79192216427637,120,1421326,728136,693190,749659,478329,271330,1243527,153146,754,378,122,22458,30,158264,1908,952.0062186184999
Rajasthan,Udaipur,24.44076752136749,73.84029839743584,130,3068420,1566801,1501619,1582629,973444,609185,2869976,104307,7406,4278,209,78647,373,357846,14211,958.3980352322982
Sikkim,East,27.29600352941175,88.74908392156858,93,1709346,907500,801846,1352998,748382,604616,1410852,178807,15792,53027,2643,46927,366,352758,80037,883.5768595041322
Tamil Nadu,Ariyalur,11.190514836795256,79.22249643916912,616,754894,374703,380191,480604,269582,211022,708397,7942,37403,104,88,65,42,177502,1749,1014.6462665097424
Tamil Nadu,Chennai,13.058098905608748,80.28139151846806,603,4646732,2335844,2310888,3776276,1968079,1808197,3751322,439270,358662,2851,2804,51708,1759,1096334,217368,989.3160673401135
Tamil Nadu,Coimbatore,10.871376995940452,77.07619012178621,632,3458045,1729297,1728748,2635907,1394790,1241117,3044145,211035,190314,1112,435,3284,237,896325,63273,999.682529952923
Tamil Nadu,Cuddalore,11.57587300613498,79.63002365371497,617,2605914,1311697,1294217,1815281,1000322,814959,2391675,123749,83334,401,236,1280,138,598412,15396,986.6737516362391
Tamil Nadu,Dharmapuri,12.300141200000006,78.11509813333339,630,1506843,774303,732540,917709,527599,390110,1452956,38304,14089,164,39,37,87,337972,3651,946.0637502373102
Tamil Nadu,Dindigul,10.377801390820574,77.78011279554937,612,2159775,1080938,1078837,1481834,816180,665654,1879494,105012,169945,313,256,71,138,500057,9155,998.0563177536546
Tamil Nadu,Erode,11.267012155963302,77.42034334862392,610,2251744,1129868,1121876,1492662,828300,664362,2115455,76098,55899,435,148,639,157,595211,18604,992.9266073559036
Tamil Nadu,Kancheepuram,12.496424756511884,80.08820360135913,604,3998252,2012958,1985294,3013382,1611461,1401921,3537399,173785,256762,1620,990,4962,756,961161,100322,986.2570406337339
Tamil Nadu,Kanniyakumari,8.183466300191206,77.32053064053538,629,1870374,926345,944029,1548738,780541,768197,909872,78590,876299,160,438,156,10,465692,15673,1019.090079829869
Tamil Nadu,Karur,10.79532776617955,78.08749686847604,613,1064493,528184,536309,727044,401726,325318,993666,53292,16483,115,29,7,79,264949,4915,1015.3828968692728
Tamil Nadu,Madurai,9.904313833333331,78.01366033333332,623,3038252,1526475,1511777,2273430,1223810,1049620,2760502,168881,97711,520,199,1532,305,754141,34097,990.3712802371477
Tamil Nadu,Nagapattinam,10.789468161718286,79.79437299431483,618,1616450,798127,818323,1213008,640916,572092,1435072,128617,47579,184,450,963,110,381940,5585,1025.3042435602354
Tamil Nadu,Namakkal,11.33766638477801,78.14624841437633,609,1726601,869280,857321,1176131,653312,522819,1673652,32483,16909,183,108,84,199,441044,8960,986.2426375851279
Tamil Nadu,Perambalur,11.260137758112096,78.86034011799416,615,565223,282157,283066,375823,208011,167812,521658,32702,10301,83,39,38,26,135751,1507,1003.2216106635667
Tamil Nadu,Pudukkottai,10.130514816433578,79.05444484265728,621,1618345,803188,815157,1110545,608776,501769,1428784,114194,72850,119,81,32,293,354493,4494,1014.9018660637361
Tamil Nadu,Ramanathapuram,9.31286995153476,78.99185362412462,626,1353445,682658,670787,978946,536487,442459,1047411,208038,91139,154,86,29,36,291400,5172,982.610619080125
Tamil Nadu,Salem,11.629324202127655,78.2478257978723,608,3482056,1781571,1700485,2285562,1285107,1000455,3326357,95487,53841,412,174,992,246,835377,20660,954.4862371468777
Tamil Nadu,Sivaganga,9.960306580645158,78.56535729032255,622,1339101,668672,670429,959744,526304,433440,1186078,74310,75481,150,80,109,24,314270,5773,1002.6275961906586
Tamil Nadu,Thanjavur,10.387692255892237,79.3194869107745,620,2405890,1182416,1223474,1790998,944264,846734,2075870,190814,133971,231,795,1256,148,555582,13495,1034.7238197047402
Tamil Nadu,Theni,9.924066666666668,77.43458833333332,624,1245899,625683,620216,870080,479403,390677,1148990,56751,37574,152,79,28,74,312310,4667,991.2623485055532
Tamil Nadu,Thiruvallur,13.275858101752885,80.19724702864492,602,3728104,1876062,1852042,2791721,1495711,1296010,3325823,143093,233633,1422,951,3693,530,909400,75634,987.1965851874832
Tamil Nadu,Thiruvarur,10.368927409395978,79.60322893959727,619,1264277,626693,637584,946471,503085,443386,1132785,96092,33192,258,151,279,64,303114,4416,1017.378525051341
Tamil Nadu,Tiruvannamalai,12.419318947368414,79.23265631578953,606,2464875,1235889,1228986,1626813,909803,717010,2294369,91636,66987,232,157,7898,110,549077,6445,994.4145469374677
Tamil Nadu,Vellore,12.784882632293078,79.02643283582084,605,3936331,1961688,1974643,2773928,1504355,1269573,3397857,414760,111390,676,438,3514,251,865913,20623,1006.6040063455555
Tamil Nadu,Virudhunagar,9.468872195892564,77.87641469194315,625,1942288,967709,974579,1398788,760375,638413,1822626,47838,67405,245,87,98,75,505950,10219,1007.0992416108562
Tripura,Dhalai,23.781360477941163,91.94654283088232,291,378230,194544,183686,276217,151643,124574,307120,8256,22940,175,39120,85,206,46875,273,944.1874331770705
Tripura,North Tripura,24.121739755351683,92.17842538226292,292,693947,352860,341087,520402,275646,244756,507967,105737,44062,151,34717,307,70,81601,997,966.6354928300176
Tripura,South Tripura,23.211874098057383,91.6065807585568,290,876001,447544,428457,646810,351082,295728,736015,49258,39258,245,49420,106,808,133744,948,957.3516793879484
Tripura,West Tripura,23.780166241299337,91.41310788863107,289,1725739,879428,846311,1361354,722998,638356,1512801,152791,53622,499,2128,362,430,314567,6394,962.3425681238259
Uttar Pradesh,Agra,26.99512974910393,78.05278291517321,146,4418797,2364953,2053844,2680510,1614594,1065916,3922718,411313,10076,12057,4049,21508,384,536402,27183,868.4502398144909
Uttar Pradesh,Aligarh,27.93748576850093,78.00146831119557,143,3673889,1951996,1721893,2092567,1283380,809187,2904140,729283,7635,5875,2582,2805,91,268120,13634,882.1191231949246
Uttar Pradesh,Allahabad,25.392038662316445,82.05172446982063,175,5954391,3131807,2822584,3665727,2199340,1466387,5102041,796756,13782,4377,4391,2247,305,391542,24122,901.2637113334251
Uttar Pradesh,Ambedkar Nagar,26.39119025974028,82.68282142857147,178,2397888,1212410,1185478,1486939,846676,640263,1985654,401678,2536,869,1817,235,33,99581,2509,977.7863923920125
Uttar Pradesh,Auraiya,26.66892394014961,79.42637057356607,162,1379545,740040,639505,930836,546198,384638,1273546,101963,1004,371,332,228,444,65479,2404,864.1492351764769
Uttar Pradesh,Azamgarh,26.008290954773837,83.01220251256285,191,4613913,2285004,2328909,2771917,1559414,1212503,3878626,718692,3810,719,5652,183,226,183381,6652,1019.2144083774033
Uttar Pradesh,Baghpat,29.045793499999988,77.30266300000001,139,1303048,700070,602978,797970,489858,308112,917474,364583,1840,483,161,16139,25,119121,2989,861.3110117559672
Uttar Pradesh,Bahraich,27.691776300578027,81.46779783237004,180,3487731,1843884,1643847,1398368,878285,520083,2291892,1169330,6400,8212,2793,1177,38,85814,2681,891.5132405292306
Uttar Pradesh,Ballia,25.86075638297873,84.03651978723408,193,3239774,1672902,1566872,1963590,1160960,802630,3004240,213440,4463,892,1595,233,64,119972,4672,936.6191205462126
Uttar Pradesh,Balrampur,27.449076537911324,82.47158326180256,182,2148665,1114721,1033944,868357,544943,323414,1333242,805975,3228,900,1866,198,87,57400,1551,927.5361278741497
Uttar Pradesh,Banda,25.351885902503284,80.52487391304344,170,1799410,965876,833534,1002937,630626,372311,1637549,157612,1367,231,168,916,50,73522,1655,862.9824118209791
Uttar Pradesh,Bara Banki,26.922777025232424,81.35762350597606,176,3260699,1707073,1553626,1692458,1010518,681940,2505444,737106,4857,2090,1553,3016,211,108116,3159,910.1110497324953
Uttar Pradesh,Bareilly,28.51101940789474,79.43187072368416,150,4448359,2357665,2090694,2191759,1342697,849062,2830768,1536534,14822,28187,4371,931,339,272830,15164,886.7646591012718
Uttar Pradesh,Basti,26.833880454545447,82.69790590909092,185,2464464,1255272,1209192,1393783,819719,574064,2082976,364510,3493,900,9753,107,99,108101,3423,963.2908246180908
Uttar Pradesh,Bijnor,29.313974259681096,78.45098815489754,134,3682713,1921215,1761498,2135393,1241471,893922,2032081,1585210,6184,50624,1736,2134,41,268353,7303,916.8666703101943
Uttar Pradesh,Bulandshahr,28.34875862068968,78.01082758620684,142,3499171,1845260,1653911,2031656,1253314,778342,2707195,777407,4088,2765,669,1572,86,223922,7865,896.3024180874239
Uttar Pradesh,Chandauli,25.1180859611231,83.25307062634984,196,1952756,1017905,934851,1174606,699454,475152,1727869,215081,2153,1389,340,100,1175,99602,3492,918.4069240253266
Uttar Pradesh,Chitrakoot,25.159924623803,81.07666087551297,171,991730,527721,464009,531072,330339,200733,955372,34559,693,63,101,285,27,41046,827,879.2695382598001
Uttar Pradesh,Deoria,26.42218856548857,83.8244070686071,190,3100946,1537436,1563510,1875239,1079288,795951,2730957,358539,3626,818,1182,209,146,150001,4469,1016.959405139466
Uttar Pradesh,Etah,27.591155309734443,78.70021858407083,201,1774480,947339,827141,1055202,647042,408160,1611126,146346,2464,708,2887,5671,18,69591,2635,873.1203930166498
Uttar Pradesh,Etawah,26.78817670157068,79.07621806282728,161,1581810,845856,735954,1062003,623583,438420,1457892,113961,1362,1045,1733,3917,94,113098,2964,870.0700828509817
Uttar Pradesh,Faizabad,26.60589185185181,82.00783530864202,177,2470996,1259628,1211368,1450901,838339,612562,2094271,365806,3225,1912,737,358,185,127754,4746,961.687101271169
Uttar Pradesh,Farrukhabad,27.45063297872342,79.4406284574468,159,1885204,1006240,878964,1092677,654827,437850,1596278,276846,3137,3160,3161,487,100,88081,2624,873.5132771505804
Uttar Pradesh,Fatehpur,25.8374362030905,80.85416203090509,172,2632733,1384722,1248011,1512166,911003,601163,2274674,350700,2201,402,172,199,47,75263,3385,901.2718798430299
Uttar Pradesh,Firozabad,27.20963993055552,78.42660624999998,147,2498156,1332046,1166110,1521806,912314,609492,2140745,314812,3370,1804,3395,19077,61,196080,5834,875.4277254689403
Uttar Pradesh,Gautam Buddha Nagar,28.393311038961038,77.52462467532465,141,1648115,890214,757901,1122947,666065,456882,1394025,215500,7366,9261,895,4518,91,257586,53181,851.369445998378
Uttar Pradesh,Ghaziabad,28.74997308584685,77.67441879350343,140,4681645,2488834,2192811,3123264,1811397,1311867,3414427,1186776,19026,23001,3487,16412,265,695130,78116,881.0595644386085
Uttar Pradesh,Ghazipur,25.624724775583484,83.5360854578097,195,3620268,1855075,1765193,2197549,1293553,903996,3233790,368153,4181,810,3145,213,184,105767,5309,951.5480506178995
Uttar Pradesh,Gonda,27.157215552099505,82.0226888024882,183,3433919,1787146,1646773,1679994,1034181,645813,2739076,678615,4735,1893,649,338,57,104084,4313,921.454094964821
Uttar Pradesh,Gorakhpur,26.63315886792452,83.3549560377358,188,4440895,2277777,2163118,2700328,1593890,1106438,4009037,403847,9662,2123,2848,460,207,296619,14597,949.6618852503999
Uttar Pradesh,Hamirpur,25.738158381502892,79.82619479768789,28,454768,217070,237698,358091,180555,177536,449412,3711,243,591,95,293,9,104120,2521,1095.0292532362832
Uttar Pradesh,Hamirpur,25.738158381502892,79.82619479768789,168,1104285,593537,510748,653299,408125,245174,1010014,91269,814,196,74,41,273,55929,1196,860.5158566357278
Uttar Pradesh,Hardoi,27.337409090909137,80.26411767676768,155,4092845,2191442,1901403,2221601,1374587,847014,3508131,556219,5822,5688,6671,446,98,95508,3845,867.6492464778898
Uttar Pradesh,Jalaun,26.067954587155988,79.36686911314993,165,1689974,906092,783882,1075196,653430,421766,1509708,171581,1148,463,2875,256,145,104176,2217,865.1240712863595
Uttar Pradesh,Jaunpur,25.70141280913127,82.54315351934063,194,4494204,2220465,2273739,2731677,1565394,1166283,3981502,483750,4947,1286,7898,349,114,181467,8002,1023.9922718889962
Uttar Pradesh,Jhansi,25.45581535234902,78.89954580536917,166,1998603,1057436,941167,1304513,783705,520808,1823930,147842,7050,4951,1203,7328,311,183340,8517,890.0463006744617
Uttar Pradesh,Jyotiba Phule Nagar,28.870498984771597,78.39009365482241,137,1840221,963449,876772,983110,600541,382569,1075440,750368,5952,5295,189,517,21,89329,2825,910.0346774972002
Uttar Pradesh,Kannauj,26.993988617886185,79.64437940379408,160,1656616,881776,774840,1017087,603596,413491,1375788,273967,1263,504,2033,606,65,61491,2488,878.7265700132459
Uttar Pradesh,Kanpur Dehat,26.43047641196011,79.98710083056478,163,1796184,963255,832929,1170243,692964,477279,1612968,176327,1300,478,819,155,103,49753,2682,864.7024931093013
Uttar Pradesh,Kaushambi,25.53587532051282,81.41811282051287,174,1599596,838485,761111,813424,507279,306145,1372381,220423,2225,522,687,545,3,43753,1503,907.7216646690161
Uttar Pradesh,Kushinagar,26.892530675909864,83.92261542461007,189,3564544,1818055,1746489,1954820,1183722,771098,2928462,620244,5006,767,4619,383,133,127331,3486,960.6359543578164
Uttar Pradesh,Lalitpur,24.58877161016945,78.60082330508473,167,1221592,641011,580581,641191,397586,243605,1163804,33724,1351,1034,69,20390,41,77082,1079,905.727046805749
Uttar Pradesh,Lucknow,26.838233589251463,80.89706026871404,157,4589838,2394476,2195362,3127260,1742440,1384820,3537787,985070,20493,23883,3877,4975,504,582769,68506,916.8444369457034
Uttar Pradesh,Mahoba,25.34529670138888,79.67863003472216,169,875958,466358,409600,488106,302283,185823,815142,57454,965,389,94,234,157,42936,1316,878.2952152638102
Uttar Pradesh,Mainpuri,27.17386862302482,79.03501851015807,148,1868529,993377,875152,1203885,712110,491775,1746649,100723,1729,475,8814,4161,38,79022,2642,880.986775413564
Uttar Pradesh,Mathura,27.59390432801821,77.62153416856502,145,2547184,1367125,1180059,1507746,943346,564400,2310776,216933,3179,2872,883,2056,126,281239,8726,863.1683276949803
Uttar Pradesh,Mau,26.01082203791469,83.50582654028433,192,2205968,1114709,1091259,1363044,773082,589962,1769937,428555,2109,340,564,155,129,149908,2656,978.9631195226737
Uttar Pradesh,Meerut,29.02957625698323,77.80611005586593,138,3443689,1825743,1617946,2141488,1254520,886968,2183255,1185643,10582,24912,1855,18544,236,425624,23717,886.1849668874535
Uttar Pradesh,Mirzapur,25.10207959183675,82.60126628571429,199,2496970,1312302,1184668,1428683,865837,562846,2292534,195765,2373,1133,341,701,27,145997,4447,902.7403753099516
Uttar Pradesh,Moradabad,28.851770406189537,78.73580193423597,135,4772006,2503186,2268820,2263848,1357435,906413,2488265,2248392,13157,7555,1260,2426,382,281758,11690,906.3729183528511
Uttar Pradesh,Muzaffarnagar,29.470507977736563,77.64017847866423,133,4143512,2193434,1950078,2417339,1448528,968811,2382914,1711453,6495,18601,1516,16345,60,368153,10077,889.0525085322831
Uttar Pradesh,Pilibhit,28.52024175035868,79.90103974175037,151,2031007,1072002,959005,1061095,654290,406805,1449007,489686,3510,84787,360,138,45,83006,2870,894.5925474019638
Uttar Pradesh,Pratapgarh,25.864842731707316,81.93530048780492,131,867848,437744,430104,401515,250122,151393,827293,25597,358,72,32,14077,27,71612,716,982.5468767133302
Uttar Pradesh,Pratapgarh,25.864842731707316,81.93530048780492,173,3209141,1606085,1603056,1931559,1121381,810178,2731351,452394,3920,1451,7795,746,43,140538,5149,998.1140475130519
Uttar Pradesh,Rae Bareli,26.253902840059787,81.22260463378181,158,3405559,1752542,1653017,1965843,1165965,799878,2975998,413243,3634,2424,722,397,602,247856,5184,943.2110614182142
Uttar Pradesh,Rampur,28.83244727272725,79.10977333333337,136,2335819,1223889,1111930,1043666,630408,413258,1073890,1181337,9201,65316,384,1307,63,131112,3847,908.5219329530701
Uttar Pradesh,Saharanpur,30.03381165217392,77.59905147826095,132,3466382,1834106,1632276,2077108,1220114,856994,1966892,1454052,6523,18627,1937,10208,135,404499,9699,889.9572870924582
Uttar Pradesh,Sant Kabir Nagar,26.791596516393444,83.0387764344262,186,1715183,869656,845527,954949,567098,387851,1300586,404410,1766,447,4393,95,35,79525,2031,972.2545466253323
Uttar Pradesh,Shahjahanpur,27.991389350649328,79.8302275324675,152,3006538,1606403,1400135,1490930,915142,575788,2412595,527581,4630,51090,2312,301,84,115163,3889,871.5963553354917
Uttar Pradesh,Sitapur,27.501995963091108,80.85288881199547,154,4483992,2375264,2108728,2283733,1397702,886031,3555450,893725,6579,11611,2663,1410,79,102040,3874,887.7867891737508
Uttar Pradesh,Sonbhadra,24.46693268858798,83.06816324951639,200,1862559,971344,891215,985708,601988,383720,1738769,103567,3963,1649,1747,487,1907,95582,5149,917.5070829695761
Uttar Pradesh,Sultanpur,26.2846386419753,82.05710456790123,179,3797117,1914586,1882531,2239902,1300248,939654,3119590,650261,4453,1629,9989,426,336,233701,5956,983.2574770733726
Uttar Pradesh,Unnao,26.63163990895297,80.636773292868,156,3108367,1630087,1478280,1773584,1053063,720521,2732016,363453,3574,1204,920,240,31,99466,3476,906.8718418096703
Uttar Pradesh,Varanasi,25.36057088888889,82.82529666666672,197,3676841,1921857,1754984,2403903,1389116,1014787,3107681,546987,7696,3309,1146,1898,298,336056,19214,913.1709591296334
Uttaranchal,Almora,29.683532133676103,79.50165064267351,64,622506,291081,331425,436497,231604,204893,611250,7752,1895,256,201,31,6,109876,1830,1138.6005957104724
Uttaranchal,Bageshwar,29.98703393393397,79.83954354354357,63,259898,124326,135572,179483,97546,81937,257509,1440,397,46,102,7,16,47083,435,1090.4557373357143
Uttaranchal,Chamoli,30.58338611464965,79.56281095541402,57,391605,193991,197614,280556,155395,125161,385818,4395,428,323,190,11,23,71524,899,1018.6761241500894
Uttaranchal,Champawat,29.29142393939393,80.07720212121217,65,259648,131125,128523,177726,102015,75711,249563,8693,870,336,24,28,6,37725,548,980.1563393708293
Uttaranchal,Pithoragarh,30.14720631868129,80.34229230769236,62,483439,239306,244133,345550,189623,155927,475105,6015,1401,260,185,13,30,95421,1344,1020.1708273089685
Uttaranchal,Tehri Garhwal,30.463700918635173,78.48783792650917,59,618931,297986,320945,407994,227406,180588,609835,7374,656,290,32,91,109,117239,1366,1077.047243830247
Uttaranchal,Udham Singh Nagar,29.02779577677222,79.45629004524895,67,1648902,858783,790119,1037839,598525,439314,1104452,372267,6064,162768,505,738,159,254802,7883,920.0449939041644
Uttaranchal,Uttarkashi,30.968958552036234,78.56880615384617,56,330086,168597,161489,215126,128237,86889,324859,3554,353,167,563,74,105,52621,602,957.8402937181563
West Bengal,Bankura,23.081280892857155,87.12640053571437,339,3596674,1838095,1758579,2232992,1299337,933655,3033581,290450,3865,386,260,2904,260694,334670,4273,956.7399943963724
West Bengal,Barddhaman,23.444453888888884,87.8150581111111,335,7717563,3966889,3750674,5247208,2918040,2329168,6008472,1599764,21220,16675,1602,1674,44968,1049943,32323,945.4950718308478
West Bengal,Birbhum,24.06389342723,87.65153089201888,334,3502404,1790920,1711484,2158447,1201481,956966,2181515,1298054,10906,582,258,1152,6051,333752,5210,955.6451432783151
West Bengal,Dakshin Dinajpur,25.342094363021435,88.69821679819614,331,1676276,857199,819077,1083685,596474,487211,1232850,412788,24794,276,148,323,2786,168069,2518,955.5272462987008
West Bengal,Darjiling,26.839619571045585,88.33145067024122,327,1846823,937259,909564,1315585,717673,597912,1366681,105086,141848,2032,209240,1840,15523,297176,10943,970.4510706218879
West Bengal,Haora,22.401674174428507,87.99421176968654,341,4850029,2500819,2349210,3605206,1942824,1662382,3535844,1270641,8666,4380,1258,9699,1265,796953,30751,939.3762603371135
West Bengal,Hugli,22.87929264705881,88.00010264705891,338,5519145,2814653,2704492,4078388,2211777,1866611,4574569,870204,7300,2662,1730,2160,49050,965258,31725,960.8616053204428
West Bengal,Jalpaiguri,26.62642031250004,89.04154375000003,328,3872846,1983064,1889782,2498780,1396622,1102158,3156781,445817,186279,2994,50676,1461,23816,382500,9322,952.9606709617037
West Bengal,Kolkata,22.550581481481483,88.3527648148148,342,4496694,2356766,2139928,3588137,1926915,1661222,3440290,926414,39758,13849,4771,21178,1452,927602,136618,907.9934113102446
West Bengal,Maldah,25.08026802575105,88.17191684549356,332,3988845,2051541,1937304,2086432,1152019,934413,1914352,2045151,13209,747,359,639,7929,297716,5357,944.3164918468605
West Bengal,Murshidabad,24.25950655391121,88.16816860465121,333,7103807,3627564,3476243,4055834,2177187,1878647,2359061,4707573,18102,766,348,3037,7429,541169,7951,958.2857807608632
West Bengal,Nadia,23.56410971055088,88.58293034547152,336,5167600,2653768,2513832,3480555,1878866,1601689,3728482,1382682,33835,849,514,281,16893,623729,12787,947.268939862113
West Bengal,Puruliya,23.254192328767108,86.3968532876713,340,2930115,1496996,1433119,1624905,1002058,622847,2373120,227249,8646,622,209,3052,309029,189889,3551,957.3298793049547
West Bengal,Uttar Dinajpur,26.044619165196977,88.23595232216337,330,3007134,1551066,1456068,1489667,853495,636172,1482943,1501170,16702,477,432,1324,1622,199307,2883,938.7530898104917
